Is Title I,Is Charter,Is Magnet,Number Students,Number Fulltime Teachers,Student/Teacher Ratio,Percent Free/Disc Lunch,Percent African American,Percent American Indian,Percent Asian,Percent Hispanic,Percent Pacific Islander,Percent Two or More Races,Percent White,Average Standard Score (2013-14)
No,1,0,241,20.9,11.5,0.266,0.021,0,0.012,0.203,0,0.104,0.66,98.43183
No,1,0,1036,51.6,20,0.039,0.003,0.003,0.056,0.052,0,0.03,0.856,98.13583
No,0,0,1038,49.2,21,0.075,0.007,0.006,0.065,0.097,0,0.028,0.798,97.533
No,1,0,773,50.6,15.2,0.163,0.005,0.003,0.045,0.109,0,0.058,0.78,97.02217
No,1,0,472,19.7,23.8,0.042,0.011,0,0.017,0.068,0.002,0.053,0.85,96.102
No,0,0,1076,48.8,22,0.141,0.073,0.003,0.042,0.14,0.001,0.064,0.677,95.26833
No,0,0,649,44.7,14.5,0.111,0.003,0.005,0.003,0.045,0.003,0.029,0.912,95.17167
No,0,1,69,1.2,54.3,0,0,0,0.029,0.174,0.014,0.043,0.739,94.34067
No,1,0,618,50.7,12.1,0.06,0.018,0,0.024,0.061,0,0.028,0.869,94.11717
No,1,0,745,28,26.5,0.062,0.004,0.001,0.083,0.099,0.008,0.044,0.76,93.5295
No,0,0,1014,56.2,18,0.081,0.001,0.002,0.016,0.052,0,0.023,0.906,93.26283
No,1,0,1445,64.2,22.4,0.073,0.008,0.002,0.111,0.089,0.003,0.048,0.738,93.07233
No,0,0,1748,84.8,20.6,0.098,0.01,0.004,0.025,0.118,0.001,0.029,0.813,93.04783
No,0,0,1313,82.1,15.9,0.094,0.021,0.004,0.047,0.116,0.005,0.028,0.779,92.84767
No,0,0,2121,94.5,22.4,0.072,0.004,0.003,0.101,0.082,0,0.053,0.756,92.83517
No,0,0,1095,53.6,20.4,0.075,0.007,0.006,0.017,0.1,0.002,0.037,0.831,91.71683
No,0,0,1030,46.2,22.2,0.085,0.017,0.011,0.026,0.068,0,0.045,0.834,91.236
No,0,0,2094,107.3,19.5,0.087,0.011,0.002,0.038,0.064,0.001,0.03,0.853,91.04917
No,0,0,3507,175.6,19.9,0.106,0.03,0.003,0.104,0.114,0.002,0.033,0.714,90.89317
No,0,0,677,39.7,17,0.17,0.006,0.004,0.015,0.084,0,0.016,0.874,90.85867
No,1,0,499,40.1,12.4,0.481,0.238,0.008,0.034,0.357,0,0.064,0.299,90.70167
No,1,0,397,17.8,22.3,0.149,0.018,0.005,0.053,0.146,0,0.043,0.736,90.17217
Yes,0,0,60,9.9,6,0.283,0,0,0,0.1,0,0,0.9,90.165
No,0,0,2509,139.8,17.9,0.073,0.024,0.004,0.031,0.106,0.004,0.057,0.774,89.9525
No,0,0,102,8.6,11.8,0.294,0,0.02,0,0.02,0,0.029,0.931,89.23567
No,0,0,1938,82.7,23.4,0.031,0.008,0.002,0.067,0.076,0.001,0.035,0.811,89.175
No,0,0,1313,56.8,23,0.215,0.008,0.004,0.069,0.19,0.005,0.016,0.707,89.0965
No,0,0,1419,72.8,19.4,0.118,0.035,0.005,0.023,0.117,0.006,0.055,0.76,89.06917
Yes,0,0,104,9.4,10.9,0.202,0.038,0,0,0.067,0,0.019,0.875,88.62867
No,0,0,557,41.4,13.4,0.061,0,0.002,0.018,0.113,0,0,0.867,88.247
No,1,0,410,24.6,16.6,0.32,0.124,0.01,0.078,0.312,0.005,0.017,0.454,86.7775
No,0,0,158,10.2,15.4,0.019,0,0.013,0.006,0.076,0,0.038,0.867,86.62667
No,1,0,1509,75,20.1,0.221,0.011,0.003,0.011,0.156,0,0.013,0.806,86.53617
No,0,0,825,52,15.8,0.152,0.005,0.005,0.013,0.058,0.001,0.011,0.907,86.47883
No,0,0,678,33.7,20,0.205,0,0.006,0.015,0.094,0.004,0.012,0.869,86.04867
No,0,0,98,7.2,13.5,0.5,0,0,0,0.235,0,0.031,0.735,86.04317
No,1,0,703,18.4,38,0.255,0.061,0.006,0.026,0.171,0.004,0.023,0.71,85.9905
No,0,0,2098,97,21.6,0.069,0.007,0.003,0.05,0.102,0,0.042,0.796,85.8455
No,0,0,1952,87.4,22.3,0.088,0.013,0.006,0.026,0.105,0.005,0.038,0.808,85.7175
No,0,0,1541,93.4,16.4,0.174,0.011,0.006,0.027,0.157,0.001,0.024,0.774,85.3065
No,0,0,121,7.4,16.2,0.207,0.008,0,0,0.413,0.017,0.033,0.529,85.245
No,0,0,1479,81.2,18.1,0.08,0.024,0.005,0.039,0.11,0.006,0.045,0.772,85.0645
No,0,0,2597,137.8,18.8,0.176,0.087,0.006,0.093,0.154,0.006,0.049,0.605,84.77883
No,0,0,99,8.6,11.4,0.313,0,0,0,0.111,0,0.02,0.869,84.652
No,0,0,423,1.7,241.7,0.189,0,0.005,0.002,0.045,0,0.026,0.922,84.635
No,0,0,1673,78.6,21.2,0.145,0.008,0.005,0.024,0.13,0.001,0.039,0.793,84.51883
No,0,0,1989,94,21.1,0.069,0.011,0.006,0.039,0.112,0.001,0.039,0.793,83.68083
No,0,0,109,10.5,10.3,0.349,0,0,0.037,0.037,0.009,0.046,0.872,83.67217
No,0,0,2273,98.9,22.9,0.088,0.011,0.004,0.025,0.099,0.001,0.033,0.827,83.2195
No,0,0,1806,98.2,18.3,0.138,0.007,0.003,0.019,0.129,0.003,0.036,0.803,82.74933
No,0,0,1129,47.1,23.9,0.186,0.011,0.005,0.027,0.142,0.001,0.017,0.798,82.63567
No,0,0,102,9.4,10.8,0.324,0,0.02,0,0.088,0,0.039,0.853,82.53367
No,0,0,295,26.3,11.2,0.369,0.003,0.003,0.014,0.095,0,0.014,0.871,82.51833
No,1,0,408,22.8,17.8,0.233,0.015,0.005,0.032,0.309,0,0.025,0.615,82.43117
No,0,0,168,15.5,10.8,0.262,0.006,0,0.018,0.131,0.012,0.06,0.774,81.93567
No,0,0,1591,89.9,17.6,0.107,0.041,0.003,0.021,0.14,0.003,0.058,0.735,81.91283
No,1,0,584,23,25.3,0.17,0.007,0.007,0.019,0.077,0,0.029,0.861,81.41333
No,0,0,2171,96.7,22.4,0.201,0.022,0.007,0.081,0.175,0.002,0.012,0.702,81.01683
No,0,0,405,23.4,17.2,0.746,0.005,0.005,0.032,0.096,0.002,0.022,0.837,80.66433
No,0,0,118,9.4,12.4,0.339,0.008,0,0.025,0.203,0,0.008,0.754,80.51833
No,0,0,1820,90.5,20.1,0.142,0.012,0.008,0.028,0.132,0.001,0.044,0.775,80.1535
No,1,0,269,19.7,13.6,0.067,0.004,0.011,0.007,0.037,0,0.015,0.926,79.90233
No,0,0,1531,90.6,16.8,0.146,0.044,0.003,0.072,0.155,0.006,0.052,0.668,79.89183
No,0,0,215,18.3,11.7,0.256,0.005,0.009,0.019,0.209,0,0.009,0.749,79.05533
No,0,0,1945,94,20.6,0.184,0.019,0.003,0.044,0.179,0.001,0.045,0.71,79.02417
No,0,1,774,36.3,21.2,0.517,0.062,0.032,0.081,0.468,0.004,0.039,0.314,78.94383
No,1,0,493,27.4,17.9,0.061,0.014,0.014,0.026,0.343,0.004,0.008,0.59,78.89783
No,0,0,299,17.2,17.3,0.294,0.003,0.013,0.01,0.094,0,0.017,0.863,77.94133
No,1,0,388,26.8,14.4,0.235,0.021,0.003,0.023,0.134,0.008,0.08,0.732,77.74817
No,0,0,330,22.8,14.4,0.288,0.009,0.003,0.015,0.167,0,0.024,0.782,77.40783
No,0,0,1635,74.7,21.8,0.07,0.005,0.002,0.053,0.089,0.001,0.048,0.802,76.79917
No,0,0,2633,139.3,18.8,0.14,0.115,0.006,0.101,0.143,0.004,0.044,0.586,75.94783
No,0,0,2435,125.1,19.4,0.354,0.226,0.004,0.025,0.219,0.002,0.055,0.468,75.71767
No,0,0,100,8.6,11.6,0.61,0,0,0,0.68,0,0,0.32,75.53333
No,0,0,775,33.3,23.2,0.177,0.005,0.005,0.022,0.146,0.001,0.01,0.81,75.51517
No,0,0,219,14.2,15.3,0.356,0.005,0.005,0.009,0.123,0,0.014,0.845,75.04633
No,0,0,2104,100.7,20.8,0.113,0.019,0.006,0.028,0.13,0.001,0.042,0.773,74.706
No,0,0,1160,57.7,20,0.081,0.011,0.002,0.011,0.109,0.001,0.051,0.815,74.6165
No,0,0,130,12.1,10.6,0.469,0.008,0.038,0.015,0,0,0.015,0.923,74.60867
No,0,0,330,22.7,14.5,0.261,0.009,0.006,0.009,0.07,0,0.009,0.897,74.29
No,0,0,770,42.4,18.1,0.294,0.006,0.006,0.009,0.261,0.001,0.025,0.691,74.238
No,0,0,173,12,14.4,0.48,0,0,0,0.329,0,0.012,0.659,74.07233
No,0,0,239,15.6,15.2,0.397,0,0.004,0.013,0.105,0,0.004,0.874,74.0305
No,0,0,1234,66.2,18.6,0.166,0.002,0.007,0.008,0.142,0.001,0.031,0.809,73.839
No,0,0,1110,62.1,17.8,0.211,0.005,0.043,0.008,0.172,0.001,0.015,0.755,73.45783
No,0,0,1971,99.2,19.8,0.263,0.013,0.006,0.025,0.147,0.002,0.044,0.764,73.3145
No,0,0,153,12.8,11.9,0.268,0.026,0,0.013,0.078,0,0.02,0.863,73.02617
No,0,0,2085,131.6,15.8,0.327,0.016,0.007,0.048,0.274,0.005,0.04,0.61,72.826
No,0,0,135,13.7,9.8,0.519,0,0,0,0.585,0,0.007,0.407,71.797
No,0,0,501,30.9,16.1,0.255,0.006,0.004,0.008,0.216,0,0.014,0.752,71.74933
No,0,0,155,13.4,11.5,0.348,0.019,0.006,0.058,0.006,0,0.013,0.897,71.70333
No,0,0,1359,66.6,20.3,0.357,0.002,0.009,0.007,0.305,0.001,0.024,0.653,70.92917
No,1,0,755,48.3,15.6,0.248,0.004,0.003,0.016,0.131,0,0.023,0.824,70.35517
No,0,0,1431,65.9,21.6,0.128,0.01,0.005,0.041,0.14,0.001,0.039,0.765,70.2145
No,0,0,1605,81.9,19.5,0.101,0.025,0.005,0.06,0.132,0.001,0.042,0.735,69.49683
No,0,0,101,11.5,8.7,0.495,0,0.01,0,0.168,0,0.02,0.802,69.39917
No,0,0,1675,87.2,19.2,0.21,0.011,0.005,0.038,0.194,0.002,0.035,0.715,69.162
No,0,0,284,17.3,16.3,0.32,0.004,0.007,0.014,0.063,0,0.042,0.87,68.69333
No,0,0,1101,66.4,16.5,0.248,0.015,0.008,0.027,0.174,0.002,0.027,0.747,68.14533
No,0,0,1699,87.6,19.3,0.274,0.008,0.008,0.016,0.195,0.001,0.029,0.744,67.77317
No,0,0,57,5,11.3,0.404,0,0,0,0.14,0,0,0.86,67.60417
No,1,0,147,7.2,20.3,0.231,0.027,0.02,0.014,0.231,0,0,0.707,66.667
No,0,0,631,37.1,16.9,0.463,0.008,0.013,0.036,0.306,0.002,0.008,0.628,66.56517
No,0,0,216,13.5,16,0.296,0.005,0.028,0.005,0.069,0,0.014,0.88,66.46667
No,0,0,157,10.6,14.7,0.484,0,0,0.006,0.236,0,0.019,0.739,66.37017
No,0,0,776,38.5,20.1,0.251,0.005,0.003,0.022,0.183,0.004,0.001,0.782,66.29583
No,0,0,1278,65.4,19.5,0.269,0.009,0.006,0.027,0.132,0.005,0.023,0.796,66.248
No,0,0,233,15.4,15,0.433,0.03,0.009,0,0.107,0,0.026,0.828,66.0605
No,0,0,1303,63.3,20.5,0.198,0.004,0.003,0.005,0.118,0.002,0.029,0.838,65.98367
No,0,0,1242,67.6,18.3,0.147,0.051,0.009,0.02,0.129,0.002,0.052,0.737,65.772
No,0,0,364,22.5,16.1,0.228,0,0.033,0.011,0.148,0,0.027,0.78,65.75033
No,0,0,1054,53.7,19.6,0.409,0.007,0.007,0.008,0.24,0.002,0.025,0.713,65.523
No,0,0,387,30.3,12.7,0,0.018,0.003,0.034,0.109,0,0.067,0.77,65.503
No,0,0,1346,80.2,16.7,0.3,0.016,0.003,0.077,0.172,0.004,0.034,0.694,65.25717
No,0,0,519,28.7,18,0.162,0.008,0.015,0.008,0.089,0.002,0.042,0.836,65.158
No,0,0,2504,130,19.2,0.263,0.146,0.003,0.065,0.196,0.002,0.045,0.542,64.8365
No,0,0,764,42.5,17.9,0.149,0.007,0.007,0.013,0.098,0.003,0.026,0.847,64.8085
No,0,0,250,20.2,12.3,0.304,0,0.024,0.008,0.1,0,0.008,0.86,64.6465
No,0,0,2149,123.6,17.3,0.274,0.182,0.006,0.079,0.17,0.006,0.056,0.5,64.16
No,0,0,1388,67.6,20.5,0.298,0.017,0.005,0.009,0.288,0,0.024,0.657,64.07933
No,0,0,111,7.4,15,0.45,0,0.054,0.009,0.153,0.009,0.009,0.766,63.7405
No,0,0,1732,111.4,15.5,0.383,0.018,0.009,0.068,0.333,0.002,0.033,0.538,63.275
Yes,0,0,140,9.8,14.1,0.536,0.007,0.007,0.007,0.3,0,0.043,0.636,63.22517
No,0,0,223,15.9,14,0.269,0.004,0.013,0.013,0.103,0,0.027,0.839,63.125
No,0,0,133,10.2,12.9,0.579,0,0,0,0,0,0.015,0.985,62.825
No,0,0,1841,91.1,20.2,0.133,0.009,0.005,0.016,0.134,0.002,0.042,0.792,62.5005
No,0,0,1018,58.8,17.2,0.276,0.007,0.007,0.032,0.274,0.002,0.043,0.635,62.29667
No,0,0,2178,95.1,22.8,0.37,0.064,0.009,0.022,0.232,0.006,0.066,0.601,61.9155
No,0,0,712,37.4,19,0.369,0.001,0.008,0.011,0.48,0,0.01,0.489,61.77083
No,0,0,139,11.4,12.1,0.46,0.007,0.007,0,0.151,0,0.007,0.827,61.5505
No,0,0,1383,71.7,19.2,0.273,0.019,0.011,0.035,0.247,0.001,0.034,0.653,61.50017
No,0,0,1509,84.1,17.9,0.31,0.018,0.005,0.041,0.246,0.002,0.026,0.662,61.43283
No,1,0,1765,88.7,19.8,0.313,0.01,0.006,0.018,0.32,0.004,0.012,0.631,61.22433
No,0,0,75,2.5,30,0.093,0,0,0,0.267,0,0.027,0.707,60.88567
No,0,0,2071,95,21.8,0.469,0.059,0.012,0.027,0.275,0.004,0.077,0.547,60.83617
No,0,0,97,8.1,11.9,0.216,0,0.01,0,0.041,0,0.062,0.887,60.40717
No,0,0,197,14.3,13.7,0.548,0,0.005,0,0.279,0,0.01,0.706,60.1755
No,0,0,335,26.7,12.5,0.313,0,0,0,0.304,0,0.003,0.693,60.0465
No,0,0,114,10,11.4,0.421,0,0,0,0.184,0,0.009,0.807,59.84217
No,0,0,1962,93.9,20.8,0.321,0.022,0.009,0.045,0.278,0.002,0.011,0.633,59.6835
No,0,0,1521,65.7,23.1,0.269,0.011,0.007,0.018,0.184,0.001,0.027,0.753,59.548
No,0,0,839,40.2,20.8,0.298,0.004,0.004,0.005,0.35,0.002,0.012,0.623,59.35633
No,0,0,73,7.7,9.4,0.288,0,0,0,0.11,0,0.041,0.849,59.35333
No,0,0,966,14.5,66.2,0.066,0.03,0.002,0.007,0.091,0.003,0.051,0.816,59.29483
No,0,0,570,33,17.2,0.472,0.011,0.004,0.007,0.265,0,0.026,0.688,59.22
Yes,0,1,748,44,17,0.69,0.012,0.005,0.024,0.754,0.001,0.023,0.18,59.129
No,0,0,1970,92.8,21.2,0.221,0.016,0.008,0.06,0.246,0.003,0.006,0.662,59.06983
Yes,0,0,269,23.6,11.3,0.599,0,0,0,0.625,0,0.019,0.357,58.7335
No,0,0,210,15.2,13.8,0.433,0,0,0.01,0.157,0.005,0.024,0.805,58.70717
No,0,0,1192,57.1,20.8,0.443,0.011,0.013,0.024,0.298,0.004,0.013,0.637,58.6205
No,0,0,102,8.5,11.9,0.52,0,0,0,0.127,0.01,0.029,0.833,58.53433
No,0,0,1230,59.5,20.6,0.204,0.094,0.007,0.048,0.199,0.003,0.058,0.591,58.375
No,0,0,1558,71,21.9,0.426,0.044,0.008,0.022,0.23,0.002,0.06,0.634,58.36183
No,0,0,1779,97,18.3,0.35,0.011,0.008,0.033,0.23,0.001,0.026,0.69,57.95267
No,0,0,1715,88.8,19.3,0.326,0.01,0.007,0.012,0.233,0,0.034,0.704,57.28017
No,0,0,439,23.3,18.8,0.125,0.055,0.014,0.007,0.276,0.002,0.059,0.588,56.239
No,0,0,392,25.5,15.3,0.357,0.013,0.02,0.01,0.24,0,0.005,0.712,56.18017
No,1,0,187,12.8,14.5,0.358,0.021,0.011,0.032,0.15,0,0.053,0.733,56.013
No,0,0,226,16.5,13.6,0.363,0.013,0.027,0,0.106,0,0.018,0.836,55.776
Yes,0,0,116,10.4,11,0.621,0,0.034,0,0.103,0,0.034,0.828,55.75767
No,0,0,204,15.4,13.2,0.353,0.01,0.025,0,0.083,0,0.02,0.863,55.61983
No,0,0,53,8,6.6,0.585,0.019,0.019,0,0,0.019,0,0.943,55.422
No,0,0,221,17.5,12.5,0.321,0.005,0.005,0.005,0.086,0.005,0.018,0.878,55.39567
No,0,0,47,6.2,7.5,0.511,0.021,0,0,0.149,0.043,0.021,0.766,55.1095
No,0,0,141,9.2,15.1,0.326,0.007,0,0,0.085,0,0.028,0.879,55.03833
No,0,0,290,20.3,14.2,0.428,0.007,0.028,0.007,0.307,0.01,0.038,0.603,54.87683
No,0,0,882,45.9,19.1,0.303,0.005,0.003,0.007,0.077,0,0.05,0.858,54.68267
No,0,0,309,24.6,12.5,0.392,0.013,0.01,0.013,0.11,0,0.032,0.822,53.749
No,0,0,126,3,42,0.325,0.135,0.016,0.016,0.286,0,0.04,0.508,53.506
No,0,0,507,29.4,17.1,0.576,0.004,0.008,0.008,0.625,0,0.002,0.353,53.15117
No,0,0,804,42.2,19,0.203,0,0.005,0.01,0.433,0,0.016,0.536,52.71
Yes,0,0,131,15.1,8.6,0.603,0.008,0,0,0.115,0,0.038,0.84,52.33233
No,0,0,112,14.5,7.7,0.295,0.027,0.009,0,0.071,0,0,0.893,52.2865
No,0,0,1713,99.9,17.1,0.407,0.145,0.008,0.012,0.253,0.011,0.098,0.472,52.24617
No,0,0,1053,55.3,19,0.408,0.005,0.007,0.003,0.093,0.001,0.031,0.86,52.07667
No,0,0,1083,64,16.9,0.542,0.258,0.008,0.028,0.288,0,0.047,0.371,51.79217
No,0,0,117,10.6,11,0.41,0.009,0,0,0.188,0,0.051,0.752,51.72667
No,0,0,355,17.6,20.1,0.163,0.006,0.003,0.008,0.11,0,0.003,0.87,51.27383
No,0,0,191,12.5,15.1,0.267,0,0,0.005,0.141,0.005,0.01,0.838,51.20883
No,0,0,135,10.5,12.7,0.459,0,0.007,0.007,0.044,0,0.052,0.889,51.201
No,0,0,230,14.5,15.8,0.613,0,0.017,0,0.7,0.004,0.017,0.261,50.7585
No,0,0,84,7.9,10.5,0.524,0,0,0,0.143,0,0.048,0.81,50.70267
No,0,0,335,19.1,17.5,0.412,0,0.003,0.003,0.582,0.003,0.024,0.385,50.484
No,0,0,1238,50.6,24.4,0.288,0.004,0.006,0.007,0.16,0.004,0.012,0.807,50.1935
No,0,0,77,7,11,0.701,0,0.026,0,0.442,0,0,0.532,49.69883
No,0,0,862,49.2,17.4,0.7,0.153,0.006,0.042,0.465,0.006,0.042,0.287,49.65183
Yes,0,0,163,14.8,10.9,0.546,0,0.006,0,0.307,0.006,0.012,0.669,49.63333
No,1,0,1866,87.2,21.3,0.183,0.014,0.006,0.068,0.251,0.001,0.025,0.635,49.27717
No,0,0,846,42.4,19.9,0.454,0.004,0.002,0.002,0.396,0.002,0.009,0.584,49.00867
No,0,0,1444,80.6,17.9,0.375,0.017,0.006,0.02,0.268,0.003,0.033,0.652,48.46117
No,0,0,1424,78,18.2,0.551,0.305,0.005,0.052,0.315,0.003,0.048,0.272,48.3275
No,0,0,227,16.7,13.5,0.52,0,0,0.004,0.445,0,0,0.551,48.27333
No,0,0,118,10.4,11.3,0.347,0.008,0.008,0,0.059,0.025,0.008,0.89,48.2285
No,0,0,239,20.4,11.6,0.393,0,0.004,0.008,0.351,0,0.021,0.615,48.08667
No,0,0,1308,81.6,16,0.47,0.015,0.008,0.013,0.364,0.002,0.026,0.573,47.93367
No,0,0,326,25,13,0.221,0.003,0.009,0.006,0.221,0,0.009,0.752,47.81767
No,0,0,1330,66.6,19.9,0.3,0.138,0.014,0.012,0.241,0.017,0.059,0.52,47.77083
No,0,0,129,11.5,11.2,0.256,0,0,0,0.233,0.008,0,0.76,47.67083
No,0,0,117,11.4,10.2,0.308,0,0.009,0,0.179,0,0.034,0.778,47.595
No,1,0,1044,35.8,29.1,0.367,0.01,0.008,0.097,0.276,0.003,0.038,0.569,47.07383
No,0,0,62,5.1,12,0.581,0,0.016,0,0.21,0,0,0.774,47.01017
No,1,0,374,20.6,18.1,0.008,0.005,0,0.008,0.12,0,0.08,0.786,46.739
Yes,0,0,422,35.1,11.9,0.872,0.019,0.007,0.021,0.882,0,0.007,0.064,46.51767
No,0,0,104,10.6,9.7,0.288,0,0,0.01,0.087,0.01,0,0.894,45.8585
No,0,0,794,41.8,18.9,0.385,0.008,0.003,0.014,0.515,0.001,0.011,0.448,45.78183
No,0,0,1208,49.3,24.4,0.342,0.01,0.011,0.01,0.207,0,0.021,0.742,45.71233
No,0,0,1254,66.9,18.7,0.532,0.022,0.004,0.012,0.556,0.002,0.009,0.396,45.66667
No,0,0,2388,104.3,22.8,0.44,0.234,0.008,0.057,0.33,0.006,0.055,0.31,45.4825
No,0,0,97,10.6,9,0.299,0.041,0.01,0.01,0.165,0,0.072,0.701,45.43967
Yes,0,0,47,8.3,5.6,0.872,0.021,0,0,0.936,0,0,0.043,45.301
Yes,0,0,416,26.8,15.4,0.555,0.007,0.014,0.002,0.486,0,0.017,0.474,45.108
Yes,1,0,534,24.7,21.6,0.545,0.015,0,0.064,0.661,0,0.004,0.257,44.90017
No,0,0,548,28.5,19.1,0.414,0.004,0.007,0.004,0.398,0,0.015,0.573,44.85867
No,0,0,238,12.6,18.7,0.408,0.017,0,0,0.105,0.008,0.046,0.824,44.79167
No,0,0,152,9.2,16.3,0.546,0.197,0.02,0.013,0.467,0.013,0.039,0.25,44.11433
No,0,0,260,19,13.6,0.404,0,0,0,0.438,0,0.012,0.55,43.971
No,0,0,493,24.9,19.7,0.428,0.006,0,0,0.509,0,0.026,0.458,42.882
No,0,0,372,24.1,15.3,0.376,0.005,0,0.016,0.61,0,0.013,0.355,42.76617
No,0,0,106,3.3,31.5,0.292,0,0,0,0.236,0.028,0.009,0.726,42.62167
Yes,1,0,354,27,13.1,0.915,0.014,0.006,0.017,0.935,0,0.011,0.017,42.5645
No,0,0,909,47.4,19.1,0.563,0.04,0.006,0.006,0.608,0,0.003,0.338,42.50583
No,0,0,232,16.1,14.3,0.306,0.009,0.013,0,0.259,0,0.004,0.716,42.23167
No,0,0,121,8.8,13.7,0.727,0.008,0.033,0.008,0.579,0.008,0,0.364,41.69533
No,0,0,2161,55.3,39,0.394,0.035,0.008,0.012,0.22,0.001,0.063,0.661,41.46867
No,1,0,506,19.8,25.4,0.294,0.018,0.008,0.012,0.045,0,0.032,0.885,41.46317
No,0,0,1259,66.2,19,0.326,0.102,0.013,0.021,0.261,0.014,0.068,0.522,41.41517
Yes,0,0,256,22.5,11.3,0.859,0.004,0,0.004,0.789,0,0.027,0.176,40.76867
No,0,0,1238,60.9,20.3,0.28,0.12,0.006,0.048,0.222,0.005,0.064,0.535,40.723
No,0,0,1462,84.8,17.2,0.43,0.008,0.01,0.01,0.261,0.001,0.032,0.678,40.59617
Yes,1,0,1115,76.3,14.5,0.744,0.013,0.007,0.007,0.849,0.003,0.007,0.113,40.3075
No,0,0,605,35.9,16.8,0.471,0.002,0.005,0.005,0.352,0.003,0.015,0.618,39.553
No,0,0,299,25.9,11.5,0.518,0.164,0.007,0.033,0.455,0.007,0.023,0.311,39.32367
No,0,0,286,14.6,19.4,0.245,0.007,0.007,0.014,0.161,0,0.035,0.776,39.31617
No,0,0,308,20.3,15.1,0.231,0,0.006,0.023,0.081,0,0.055,0.834,38.604
No,0,0,698,39.3,17.7,0.458,0.003,0.251,0.004,0.192,0,0.043,0.507,38.515
No,0,0,1795,74.9,23.9,0.374,0.033,0.007,0.048,0.415,0.001,0.026,0.471,36.72933
No,0,0,1362,63.6,21.4,0.573,0.015,0.007,0.027,0.539,0.002,0.007,0.403,36.685
Yes,0,0,121,10.5,11.4,0.595,0.008,0.017,0.008,0.298,0,0.041,0.628,36.49567
Yes,0,0,80,8.3,9.6,0.613,0.025,0.013,0.013,0.888,0,0.038,0.025,35.62367
No,1,0,2672,71.2,37.5,0.167,0.044,0.015,0.013,0.26,0.003,0,0.665,35.43317
No,0,0,1843,77.2,23.8,0.192,0.007,0.009,0.011,0.514,0.002,0.015,0.442,35.29033
No,0,0,891,51.4,17.3,0.476,0.175,0.009,0.038,0.418,0.011,0.047,0.302,35.20817
No,0,0,72,7.6,9.3,0.681,0,0,0,0.653,0,0,0.347,35.01667
Yes,0,0,108,9.9,10.8,0.741,0,0,0.019,0.556,0,0.019,0.407,35.00983
No,0,0,256,17,14.9,0.676,0.008,0.008,0,0.73,0,0.012,0.242,34.603
No,0,0,220,14,15.7,0.618,0.018,0.009,0.009,0.723,0,0.014,0.227,34.4805
No,1,0,279,15.5,17.9,0.448,0.029,0.007,0.032,0.427,0,0.018,0.487,34.46817
Yes,0,0,463,25,18.4,0.436,0.004,0.002,0.009,0.136,0.004,0.041,0.803,34.3745
No,0,0,977,43.5,22.4,0.359,0.004,0.007,0.021,0.291,0.003,0.002,0.671,34.3005
No,0,0,864,48,18,0.683,0.341,0.015,0.025,0.351,0.013,0.042,0.213,34.21083
Yes,0,0,331,27.2,12.1,0.758,0.006,0.006,0.009,0.722,0,0,0.257,34.15
No,0,0,722,41.1,17.5,0.486,0.001,0.004,0.004,0.453,0.001,0.012,0.524,34.12617
Yes,0,0,1241,60.8,20.4,0.901,0.093,0.005,0.091,0.738,0.002,0.018,0.054,33.942
No,0,0,2290,124.3,18.4,0.519,0.315,0.007,0.055,0.326,0.003,0.052,0.243,33.70033
Yes,1,0,338,35.7,9.4,0.314,0.059,0.021,0.003,0.251,0,0.018,0.648,33.39717
No,0,0,168,13.2,12.6,0.643,0.036,0.024,0,0.101,0.018,0,0.821,32.97317
No,0,0,1355,65,20.8,0.505,0.027,0.003,0.004,0.559,0.001,0.011,0.394,32.76333
No,1,0,790,44.1,17.9,0.6,0.301,0.01,0.029,0.449,0.001,0.01,0.199,32.75533
No,0,0,549,31.1,17.6,0.641,0.002,0.004,0.002,0.61,0,0.022,0.361,32.2255
No,0,0,132,1.8,72.9,0.417,0,0,0.008,0.136,0,0.015,0.841,31.93433
No,0,0,136,3.3,40.1,0.118,0.007,0.015,0.066,0.14,0,0.096,0.676,31.90667
No,0,0,1024,51.5,19.8,0.56,0.017,0.006,0.006,0.705,0.001,0.01,0.256,31.71033
No,0,0,683,20.2,33.7,0.498,0.02,0.013,0.007,0.242,0,0,0.717,31.5605
No,0,0,178,12.6,14,0.933,0,0.011,0,0.944,0,0,0.045,29.15317
No,0,0,319,15.8,20.1,0.154,0.016,0.019,0.003,0.169,0,0.034,0.759,27.712
No,0,0,612,40.6,15,0.464,0.044,0.013,0.01,0.355,0.002,0.028,0.549,27.5365
No,0,0,506,33.7,14.9,0.372,0.008,0.006,0.008,0.198,0,0.008,0.773,27.315
No,0,0,230,12,19.1,0.517,0.061,0.017,0.009,0.257,0.004,0.035,0.617,27.0185
Yes,0,0,1370,76.7,17.8,0.724,0.241,0.008,0.163,0.307,0.001,0.03,0.25,26.92183
No,0,0,261,9.9,26.3,0.011,0.015,0.015,0.004,0.107,0,0.05,0.808,26.8515
No,0,0,128,9.2,13.8,0.445,0,0.031,0,0.016,0,0.023,0.93,26.75533
No,0,0,47,4,11.7,0.468,0,0.064,0,0.085,0,0.021,0.83,26.73933
No,0,0,352,22.2,15.7,0.449,0.006,0.003,0.009,0.426,0,0.026,0.531,26.69667
Yes,0,0,1260,66.7,18.8,0.73,0.025,0.01,0.09,0.712,0.004,0.014,0.144,26.28167
No,0,0,58,6.8,8.5,0.534,0,0,0.017,0.086,0,0,0.897,25.89967
No,0,0,96,7.1,13.5,0.385,0,0.021,0,0.323,0,0.01,0.646,25.139
Yes,1,0,295,17.1,17.2,0.644,0.22,0.007,0.003,0.397,0.007,0.081,0.285,24.81833
No,0,0,533,34.8,15.2,0.433,0.006,0.006,0.004,0.505,0.002,0.009,0.469,23.80317
No,0,0,222,15.8,14,0.599,0.032,0,0,0.23,0,0.068,0.671,23.64633
No,0,0,147,11.1,13.2,0.361,0.02,0.027,0.007,0.156,0,0.034,0.755,23.312
No,0,0,1317,78.7,16.7,0.693,0.153,0.015,0.025,0.366,0.003,0.058,0.38,23.11933
No,0,0,182,7.6,23.8,0.181,0.005,0.011,0.005,0.088,0,0.038,0.852,23.04183
No,0,0,1518,73.2,20.7,0.657,0.032,0.004,0.036,0.567,0.001,0.018,0.342,22.646
No,0,0,84,3.8,22,0.298,0.012,0.012,0.024,0.488,0,0.036,0.429,22.28833
No,0,0,906,59.2,15.3,0.695,0.024,0.018,0.039,0.426,0.001,0.022,0.47,22.113
No,0,0,233,20.9,11.1,0.412,0.009,0.326,0.009,0.266,0.004,0.043,0.343,21.38417
Yes,1,0,293,13.2,22.1,0.744,0.014,0.007,0.007,0.925,0.007,0.007,0.034,20.64567
No,0,0,111,9.2,12,0,0.018,0.018,0,0.378,0,0,0.586,20.58033
No,0,0,1784,89.1,20,0.434,0.033,0.006,0.043,0.578,0.001,0.008,0.33,20.24817
Yes,1,0,249,16.6,14.9,0.855,0.313,0,0.012,0.55,0.004,0.028,0.092,19.52817
No,0,0,1421,73.4,19.3,0.653,0.027,0.003,0.01,0.636,0.001,0.018,0.305,19.33483
No,0,0,1774,88.2,20,0.564,0.035,0.012,0.059,0.597,0.001,0.013,0.283,18.91217
No,0,0,2094,100,20.9,0.743,0.157,0.005,0.037,0.655,0.012,0.026,0.109,18.86283
No,0,0,591,34.7,17,0.623,0.002,0.007,0.003,0.706,0.002,0.01,0.271,18.14167
No,0,0,395,47.3,8.3,0.451,0.203,0.018,0.01,0.57,0,0.051,0.149,17.19267
Yes,0,0,769,55.4,13.8,0.849,0.057,0.014,0.005,0.823,0,0.004,0.096,16.924
No,0,0,292,18.3,15.9,0.664,0,0.007,0,0.719,0,0.017,0.257,16.31817
No,0,0,379,18,21,0.744,0.005,0.003,0.011,0.794,0,0.016,0.172,16.29317
No,0,0,123,9.2,13.3,0.618,0.041,0,0.016,0.374,0,0.089,0.48,15.88967
No,0,0,826,43.6,18.9,0.717,0.034,0.007,0,0.753,0.001,0.007,0.197,15.38067
Yes,0,0,1152,67.5,17,0.885,0.241,0.002,0.03,0.662,0.004,0.023,0.037,15.03883
No,0,0,1749,84.7,20.6,0.774,0.027,0.005,0.003,0.831,0,0.006,0.127,14.01533
No,0,0,1690,81.2,20.8,0.621,0.251,0.007,0.028,0.504,0.009,0.037,0.164,13.41733
No,0,0,1051,53,19.7,0.665,0.009,0.004,0.007,0.722,0.006,0.01,0.244,12.80833
No,0,0,63,4.2,14.8,0.476,0.016,0,0.016,0.127,0.032,0.032,0.778,12.75467
Yes,0,0,377,24.4,15.4,0.841,0.029,0.011,0.037,0.748,0,0.011,0.164,12.70733
No,0,0,883,53.4,16.5,0.813,0.027,0.011,0.079,0.692,0,0.023,0.168,12.45267
No,0,0,105,27,3.8,0.724,0.01,0.01,0.01,0.562,0,0,0.41,12.15533
No,0,0,2388,96,24.8,0.747,0.017,0.008,0.062,0.719,0,0.017,0.177,11.91867
No,1,0,158,7,22.5,0.646,0,0.006,0,0.335,0,0.013,0.646,11.547
Yes,0,0,229,19.9,11.4,0.843,0.245,0,0.017,0.646,0.009,0.035,0.048,11.37517
No,0,0,616,31.1,19.7,0.622,0.026,0.016,0.002,0.659,0.003,0.023,0.271,11.29767
No,0,0,287,20.3,14.1,0.446,0.014,0.01,0,0.453,0,0.031,0.491,11.22883
No,0,0,154,8.5,17.9,0.39,0,0.006,0,0.721,0,0.013,0.26,10.19433
Yes,0,0,123,10.7,11.4,0.894,0.106,0.024,0,0.756,0,0.033,0.081,9.997
Yes,0,0,198,20,9.9,0.763,0.106,0,0.01,0.48,0,0.056,0.348,9.584
Yes,0,0,870,63.9,13.5,0.977,0.106,0.005,0.003,0.854,0,0.015,0.017,9.30967
No,0,0,2120,105.4,20.1,0.706,0.161,0.011,0.086,0.666,0.003,0.02,0.053,8.81717
No,0,0,119,9,13.1,0.529,0.084,0.008,0.008,0.311,0.008,0.118,0.462,8.106
No,0,0,106,5.2,20.1,0.538,0,0.009,0,0.547,0,0,0.443,8.101
No,1,0,599,10.8,55.2,0.634,0.07,0.002,0.007,0.656,0.002,0.013,0.25,7.73333
No,0,0,190,20.1,9.4,0.505,0.016,0.021,0,0.295,0,0.032,0.637,7.62033
Yes,1,0,158,9.8,16,0.778,0.019,0.025,0,0.791,0,0,0.165,7.39267
Yes,0,0,567,48.2,11.7,0.877,0.037,0.011,0.002,0.806,0,0.019,0.125,7.22233
No,0,0,42,4,10.5,0.81,0,0,0,0.738,0,0,0.262,6.83933
No,1,0,297,12.3,24.1,0.401,0.071,0.024,0.003,0.434,0.003,0.051,0.414,6.73683
Yes,0,0,600,33,18.1,0.845,0.018,0.005,0.008,0.873,0,0.008,0.087,6.34167
Yes,0,0,1509,90.9,16.5,0.967,0.012,0.005,0.023,0.93,0.001,0.003,0.027,6.32883
No,0,0,120,14.5,8.2,0.758,0.017,0.058,0,0.158,0,0.025,0.742,6.01333
Yes,0,0,417,25.1,16.6,0.727,0.329,0.005,0.007,0.6,0,0.041,0.019,5.84267
Yes,1,0,118,4.6,25.3,0.305,0.042,0.017,0.017,0.602,0.008,0.008,0.305,5.789
No,0,0,293,17,17.2,0.638,0.01,0,0.007,0.771,0.003,0.003,0.205,5.53017
Yes,1,0,238,34.1,6.9,0.987,0.252,0.025,0.017,0.374,0,0.034,0.298,5.39217
No,0,0,387,19.2,20.1,0.517,0.005,0.01,0.003,0.276,0.003,0.041,0.661,5.231
No,0,0,237,24.4,9.7,0.646,0.038,0.021,0.017,0.553,0.004,0.046,0.321,5.22033
No,0,0,220,11.2,19.5,0.509,0.027,0,0,0.782,0,0,0.191,5.16633
No,0,0,105,7.1,14.6,0,0.133,0.029,0,0.219,0.01,0,0.61,4.93683
No,0,0,65,6.3,10.2,0.662,0.031,0,0,0.354,0,0,0.615,4.5085
Yes,0,0,157,19.7,7.9,0.777,0.013,0.006,0.013,0.892,0,0.006,0.07,4.469
No,0,0,302,26.9,11.2,0.483,0.04,0.017,0.003,0.49,0.003,0.023,0.424,4.22433
No,0,0,103,5.6,18.1,0.563,0,0.019,0,0.262,0,0.019,0.699,4.11367
Yes,0,0,225,22.5,10,0.813,0.164,0.009,0,0.747,0,0.013,0.067,3.963
Yes,1,0,153,8.8,17.2,0.85,0.34,0.039,0,0.529,0,0.026,0.065,3.94467
No,0,0,137,28.7,4.7,0.599,0.015,0.015,0.007,0.628,0,0.029,0.307,3.83733
Yes,0,0,73,4,18.2,0.699,0.192,0.027,0.014,0.466,0,0.068,0.233,3.79533
No,1,0,161,8.1,19.7,0.478,0.006,0.342,0,0.149,0,0.019,0.484,3.46217
No,0,0,407,20.6,19.6,0.708,0.012,0.01,0.002,0.789,0,0.015,0.172,3.41917
No,1,0,238,11,21.5,0.311,0.214,0.004,0,0.429,0.004,0.046,0.303,3.182
Yes,0,0,154,21.2,7.2,0.799,0.266,0.006,0,0.623,0.013,0.013,0.078,3.15767
Yes,0,0,249,12.3,20.1,0.341,0.076,0.004,0.024,0.177,0.004,0.068,0.647,2.80433
Yes,1,0,253,10.2,24.8,0.834,0.016,0.004,0.016,0.945,0,0,0.02,2.80233
Yes,0,0,244,13.8,17.5,0.824,0.381,0.012,0.004,0.52,0,0.02,0.061,2.7855
No,1,0,113,9.6,11.7,0.469,0.027,0.027,0,0.416,0.009,0.027,0.496,2.76467
No,0,0,41,10,4.1,0.683,0,0.024,0,0.512,0,0,0.463,2.41067
No,1,0,434,19.6,22.1,0.8,0.099,0,0.092,0.765,0.007,0.002,0.035,2.39117
Yes,1,0,97,7,13.7,0.835,0.062,0.031,0,0.866,0,0.021,0.021,2.3415
No,0,0,112,7.1,15.6,0.5,0.018,0,0,0.554,0,0,0.429,2.08633
Yes,0,0,41,3.2,12.4,0.732,0.024,0,0,0.732,0,0,0.244,1.26667
