Is Title I,Is Charter,Is Magnet,Number Students,Number Fulltime Teachers,Student/Teacher Ratio,Percent Free/Disc Lunch,Percent African American,Percent American Indian,Percent Asian,Percent Hispanic,Percent Pacific Islander,Percent Two or More Races,Percent White,Average Standard Score (2014)
No,0,0,333,19.5,17,0.03,0.018,0,0.033,0.072,0,0.069,0.808,97.42091
No,0,1,533,29.8,17.8,0.049,0.075,0.002,0.229,0.129,0.004,0.077,0.484,97.17771
No,0,0,589,28.2,20.8,0.204,0.092,0.007,0.104,0.177,0.012,0.078,0.531,97.147
No,0,0,414,21,19.6,0.034,0.005,0,0.07,0.041,0,0.106,0.778,96.08436
No,0,0,622,30,20.7,0.068,0.008,0.008,0.043,0.158,0,0.043,0.74,96.06529
No,0,0,391,20.5,19,0.107,0.015,0,0.02,0.105,0,0.028,0.831,95.78373
No,0,0,606,31.7,19.1,0.038,0.003,0.003,0.051,0.058,0,0.013,0.871,95.44964
No,0,0,722,38.5,18.7,0.083,0.015,0.003,0.157,0.111,0.008,0.04,0.666,95.28057
No,0,0,308,16,19.1,0.104,0,0,0.101,0.091,0,0.058,0.75,95.10245
No,1,0,602,36.5,16.4,0.008,0.003,0.008,0.085,0.071,0,0.028,0.804,95.06021
No,0,0,333,18.7,17.7,0.039,0,0,0.039,0.09,0.003,0.06,0.808,94.9965
No,0,0,641,31.7,20.2,0.034,0.002,0.002,0.053,0.055,0,0.039,0.85,94.81345
No,0,0,355,19.1,18.5,0.101,0.034,0.003,0.034,0.11,0,0.037,0.783,94.78727
No,0,0,556,29.1,19,0.034,0,0.004,0.119,0.056,0,0.052,0.77,94.77845
No,0,0,590,29,20.3,0.075,0.012,0.002,0.034,0.073,0,0.047,0.832,94.65691
No,1,0,1036,51.6,20,0.039,0.003,0.003,0.056,0.052,0,0.03,0.856,94.53171
No,0,0,650,29.7,21.8,0.058,0.002,0.003,0.023,0.069,0,0.031,0.872,94.46355
No,0,0,542,28.6,18.9,0.065,0.018,0.002,0.124,0.066,0,0.061,0.729,94.45264
No,0,0,479,22.5,21.2,0.084,0.004,0.002,0.152,0.056,0,0.046,0.739,94.42391
No,0,0,543,30,18.1,0.035,0.006,0,0.028,0.048,0.004,0.037,0.878,94.32973
No,0,0,426,23.6,17.9,0.061,0.021,0,0.07,0.073,0.002,0.028,0.805,94.29182
No,0,0,624,33.6,18.5,0.05,0.005,0.002,0.151,0.05,0,0.037,0.756,94.25918
No,0,0,444,20.6,21.4,0.036,0.009,0.005,0.025,0.043,0,0.027,0.892,93.91267
No,0,0,390,20.6,18.8,0.038,0.008,0,0.031,0.044,0.005,0.049,0.864,93.71921
No,0,0,252,13.6,18.4,0.175,0.012,0.008,0.016,0.071,0,0.02,0.873,93.58818
No,0,1,143,7.2,19.7,0.063,0.014,0.007,0.028,0.077,0,0.028,0.846,93.34464
No,0,0,541,29.7,18.1,0.068,0.02,0.007,0.116,0.092,0.002,0.046,0.715,93.08782
No,0,0,478,28,17,0.126,0.017,0,0.017,0.132,0,0.059,0.776,92.99764
No,0,0,637,30,21.2,0.055,0.003,0,0.042,0.064,0,0.019,0.871,92.97721
No,0,0,321,18.5,17.3,0.09,0.019,0.006,0.022,0.087,0.003,0.037,0.826,92.86943
No,0,0,572,31.5,18.1,0.112,0.012,0.002,0.084,0.063,0.002,0.028,0.809,92.66082
No,0,0,304,19.8,15.2,0.082,0.023,0.003,0.036,0.105,0,0.046,0.786,92.64818
No,0,0,610,30.8,19.7,0.051,0.01,0,0.084,0.075,0.002,0.03,0.8,92.55545
No,0,0,336,16.5,20.3,0.071,0.003,0.003,0.03,0.048,0,0.039,0.878,92.47955
No,0,0,397,20.9,18.9,0.191,0.01,0.008,0.003,0.118,0.003,0.023,0.836,92.29545
No,1,0,580,26.9,21.4,0.021,0.003,0.007,0.06,0.093,0,0.052,0.784,92.18507
No,0,0,414,20.7,19.9,0.118,0.039,0.007,0.123,0.092,0,0.082,0.657,91.95245
No,0,0,656,32.9,19.9,0.064,0.04,0.005,0.056,0.098,0.002,0.059,0.741,91.61709
No,0,0,294,16.8,17.4,0.18,0.007,0,0.01,0.078,0.003,0.051,0.85,91.48545
No,0,0,531,29,18.3,0.128,0.006,0.006,0.055,0.126,0,0.036,0.772,91.16836
No,0,0,488,26.9,18.1,0.203,0.027,0.004,0.092,0.072,0.002,0.07,0.734,91.08991
No,0,0,597,32.5,18.3,0.082,0.013,0,0.023,0.077,0,0.052,0.834,90.80443
No,0,1,396,21.4,18.4,0.338,0.013,0.005,0.02,0.49,0.003,0.013,0.457,90.79967
No,0,0,557,30.5,18.2,0.124,0.002,0,0.039,0.065,0.002,0.043,0.849,90.67764
No,0,0,341,19,17.9,0.065,0,0.003,0.044,0.035,0,0.056,0.862,90.58473
No,0,0,623,22.9,27.1,0.066,0.011,0.008,0.026,0.072,0.003,0.018,0.862,90.48791
No,0,0,295,16.8,17.5,0.214,0.031,0.003,0.01,0.088,0.003,0.054,0.81,90.378
No,0,0,764,30.6,24.9,0.037,0.003,0,0.024,0.064,0,0.018,0.891,90.367
No,0,0,361,23.7,15.2,0.166,0.011,0.003,0.036,0.111,0.003,0.036,0.801,90.29173
No,0,0,544,29.4,18.5,0.103,0.011,0,0.028,0.063,0.002,0.042,0.855,90.08364
No,0,0,511,27.9,18.3,0.061,0,0,0.023,0.074,0.002,0.027,0.873,90.05718
No,0,0,417,28,14.8,0.151,0.053,0,0.05,0.118,0,0.074,0.705,89.91264
No,1,0,465,39,11.8,0.054,0.019,0,0.144,0.067,0,0.034,0.735,89.82957
No,0,0,442,23.1,19,0.104,0.002,0,0.025,0.129,0,0.036,0.808,89.8265
No,0,0,405,21.3,19,0.099,0.007,0,0.047,0.079,0.002,0.059,0.805,89.82627
No,0,0,501,26.3,19,0.092,0.018,0.004,0.038,0.06,0,0.016,0.864,89.76945
No,0,0,959,51.6,18.5,0.065,0.007,0.003,0.131,0.08,0,0.052,0.726,89.68029
No,0,0,730,32.2,22.6,0.047,0.014,0.012,0.084,0.104,0.005,0.079,0.701,89.65955
No,0,0,365,15.4,23.5,0.145,0.003,0.003,0,0.047,0.003,0.027,0.918,89.59473
No,0,0,485,16.1,29.9,0.111,0.014,0,0.019,0.136,0.002,0.049,0.779,89.449
No,0,0,646,37.3,17.2,0.076,0.065,0.008,0.124,0.094,0,0.036,0.673,89.40564
No,1,0,738,30.4,24.2,0.057,0.001,0.003,0.024,0.098,0.003,0.049,0.822,89.35407
No,0,0,531,29.3,18,0.173,0.017,0.002,0.092,0.202,0.002,0.058,0.627,89.24191
No,0,0,561,31.8,17.6,0.066,0.014,0.002,0.059,0.116,0.004,0.073,0.733,89.23773
No,0,0,614,32.7,18.7,0.046,0.005,0,0.047,0.099,0,0.06,0.788,89.20993
No,1,0,648,35.9,18,0.032,0.008,0.005,0.185,0.091,0.002,0.043,0.667,89.16471
No,1,0,405,15.9,25.3,0.057,0.01,0.002,0.022,0.099,0,0.049,0.817,88.94786
No,1,0,502,32.9,15.2,0,0.062,0.002,0.205,0.072,0,0.048,0.612,88.79079
No,0,0,557,29.2,19,0.133,0.027,0.002,0.199,0.111,0.005,0.038,0.618,88.75745
Yes,0,0,109,12.7,8.5,0.394,0.009,0,0.028,0.11,0,0,0.853,88.71743
No,0,0,574,30.7,18.6,0.15,0.003,0.002,0.019,0.101,0,0.063,0.812,88.67273
No,0,0,488,23.1,21,0.057,0.008,0.002,0.033,0.049,0,0.084,0.824,88.60364
No,0,0,517,32.2,16,0.149,0.019,0.01,0.008,0.133,0.002,0.07,0.758,88.40918
No,0,0,575,29.2,19.6,0.019,0.01,0.014,0.033,0.068,0,0.021,0.854,88.33836
Yes,1,0,794,69.6,11.4,0.224,0.044,0.003,0.047,0.23,0,0.059,0.617,88.31729
Yes,0,0,122,12.2,9.9,0.492,0,0.008,0,0.049,0,0.008,0.934,88.2265
No,0,0,721,40,18,0.087,0.051,0.006,0.111,0.119,0.007,0.065,0.641,88.217
No,1,0,933,59.6,15.6,0.095,0.009,0.01,0.081,0.058,0.002,0.016,0.824,88.16586
Yes,0,0,518,36.5,14.1,0.197,0.004,0.002,0.017,0.151,0.002,0.014,0.811,88.12818
No,0,0,431,23.8,18,0.07,0.005,0.002,0.035,0.053,0,0.077,0.828,88.08373
No,0,0,599,28.3,21.1,0.063,0.052,0.003,0.035,0.08,0,0.083,0.746,87.82729
No,0,0,455,24.9,18.2,0.321,0.009,0.013,0.007,0.116,0.002,0.015,0.837,87.57
No,0,0,326,15.6,20.7,0.141,0.003,0,0.021,0.104,0.003,0.037,0.831,87.37607
No,0,0,581,28.7,20.2,0.036,0.015,0.005,0.031,0.067,0,0.055,0.826,87.0805
No,0,0,319,14.7,21.6,0.132,0.013,0.006,0.028,0.056,0,0.082,0.815,87.02064
No,0,0,290,14.5,19.9,0.072,0,0.003,0.041,0.048,0,0.031,0.876,86.86173
No,0,0,337,17.8,18.8,0.074,0.027,0.003,0.148,0.134,0,0.039,0.65,86.83736
No,0,0,733,36.5,20,0.111,0.007,0,0.098,0.112,0,0.057,0.726,86.77429
No,1,0,548,23.8,22.9,0.462,0.055,0.005,0.042,0.369,0.024,0.053,0.453,86.71945
No,0,0,501,27.4,18.2,0.184,0.008,0.002,0.028,0.088,0,0.042,0.832,86.68364
No,0,0,546,26.6,20.4,0.137,0,0.002,0.042,0.062,0.004,0.031,0.859,86.546
No,0,0,312,15.8,19.7,0.176,0.01,0,0.067,0.192,0,0.077,0.654,86.54191
No,0,0,614,32,19.1,0.127,0.011,0,0.02,0.112,0,0.039,0.818,86.52909
No,0,0,235,15.6,15,0.217,0,0,0.017,0.111,0,0.03,0.843,86.52191
No,1,0,262,18.4,14.2,0.046,0.038,0,0.015,0.069,0.004,0.011,0.863,86.39064
No,0,0,577,29.6,19.4,0.087,0.002,0.003,0.019,0.088,0,0.029,0.858,86.15509
No,0,0,651,35,18.6,0.023,0.008,0.003,0.083,0.084,0.002,0.048,0.773,85.97991
No,0,0,475,23.9,19.7,0.109,0.013,0,0.036,0.109,0,0.023,0.819,85.84073
No,0,0,746,36.6,20.3,0.036,0.004,0.003,0.025,0.063,0.001,0.011,0.893,85.82145
No,0,0,654,33.1,19.7,0.194,0.005,0.002,0.035,0.157,0.002,0.041,0.758,85.79157
No,0,0,642,31.1,20.5,0.069,0,0.003,0.037,0.097,0,0.026,0.836,85.70007
No,0,0,706,40.5,17.4,0.156,0.092,0,0.034,0.123,0.001,0.055,0.694,85.64255
No,0,0,364,25.5,14.2,0.044,0.019,0,0.022,0.104,0,0.027,0.827,85.58379
Yes,0,0,181,14.6,12.3,0.508,0.011,0,0.055,0.293,0,0.033,0.608,85.34871
No,1,0,895,50.4,17.7,0.068,0.012,0,0.023,0.096,0,0.057,0.811,85.19064
No,1,0,1509,75,20.1,0.221,0.011,0.003,0.011,0.156,0,0.013,0.806,85.17821
No,0,0,415,25,16.6,0.251,0.007,0.002,0.099,0.072,0,0.072,0.747,85.06164
No,1,0,1549,88.3,17.5,0.024,0.008,0.001,0.085,0.076,0.001,0.039,0.791,85.06
No,0,0,578,31.3,18.4,0.021,0.017,0.005,0.04,0.071,0.002,0.038,0.827,84.97973
No,1,0,346,24.6,14,0.023,0,0.003,0.006,0.038,0,0.009,0.945,84.91707
No,0,0,554,31.3,17.6,0.065,0.004,0.004,0.042,0.099,0,0.04,0.812,84.84764
No,1,0,1035,73.4,14,0.044,0.016,0.004,0.116,0.108,0.001,0.037,0.718,84.77586
No,0,0,538,26.5,20.3,0.143,0.002,0.002,0.028,0.113,0.006,0.041,0.809,84.5025
No,0,0,542,26,20.8,0.035,0.004,0,0.063,0.068,0.002,0.048,0.815,84.46727
No,0,0,339,22.2,15.2,0.139,0.05,0.012,0.047,0.109,0,0.065,0.717,84.41229
No,0,0,738,41.4,17.8,0.108,0.056,0.011,0.145,0.104,0,0.045,0.64,84.24891
No,1,0,669,39.1,17.1,0,0.016,0.001,0.057,0.135,0.001,0.051,0.738,84.16929
No,0,0,576,27.8,20.6,0.188,0.01,0.016,0.047,0.16,0.003,0.019,0.745,84.14627
No,0,0,603,30,20,0.046,0.008,0,0.035,0.104,0.003,0.048,0.801,84.07657
Yes,1,0,141,9.5,14.8,0.333,0.007,0,0,0.241,0,0.028,0.723,84.07221
No,1,0,348,21.1,16.4,0.052,0.006,0.003,0.052,0.04,0,0.029,0.871,84.06121
No,0,0,370,26.7,13.8,0.119,0.022,0,0.046,0.111,0,0.065,0.757,83.79909
No,0,0,821,42.6,19.2,0.161,0.112,0.004,0.026,0.107,0.001,0.043,0.708,83.74136
No,0,0,716,41.9,17,0.133,0.059,0.003,0.078,0.141,0,0.057,0.662,83.671
No,1,0,859,38.5,22.2,0.054,0.008,0.005,0.079,0.085,0,0.043,0.78,83.65443
No,0,0,555,31.1,17.8,0.25,0.025,0.005,0.032,0.141,0,0.027,0.769,83.62709
No,0,0,261,20.3,12.8,0.249,0,0.004,0,0.153,0.004,0.011,0.828,83.61455
No,0,0,614,33,18.6,0.138,0,0,0.029,0.109,0.002,0.028,0.832,83.54893
No,0,0,497,27.5,18,0.199,0.008,0.004,0.078,0.161,0.004,0.046,0.698,83.28407
No,1,0,1445,64.2,22.4,0.073,0.008,0.002,0.111,0.089,0.003,0.048,0.738,83.2475
No,0,0,590,30.5,19.3,0.119,0.003,0,0.073,0.064,0,0.029,0.831,83.18279
No,0,1,413,23,17.9,0.077,0,0,0.031,0.07,0,0.036,0.862,83.14521
Yes,0,0,507,43.5,11.6,0.057,0.016,0,0.016,0.118,0.002,0.012,0.836,83.13586
No,1,0,196,14,13.9,0.092,0.02,0,0.046,0.026,0,0.005,0.903,83.11171
No,0,0,440,27.2,16.1,0.134,0.011,0.007,0.014,0.084,0,0.03,0.855,82.92536
No,1,0,422,26,16.1,0.111,0,0,0.031,0.081,0,0.031,0.858,82.89079
No,0,0,404,24.1,16.7,0.149,0.007,0.002,0.062,0.126,0.002,0.067,0.733,82.84536
No,0,0,689,33.1,20.8,0.048,0.016,0.003,0.074,0.087,0.003,0.022,0.795,82.83245
No,0,0,428,26.6,16,0.306,0.054,0.002,0.047,0.147,0.002,0.061,0.687,82.726
No,0,0,517,24.4,21.1,0.099,0.015,0.002,0.058,0.126,0.002,0.044,0.752,82.69193
No,0,0,677,36.6,18.4,0.078,0.013,0.001,0.064,0.121,0,0.032,0.768,82.58873
No,1,0,624,39.2,15.9,0.21,0.014,0.003,0.026,0.237,0,0.019,0.7,82.52529
No,0,0,589,28.4,20.7,0.107,0.017,0.003,0.063,0.149,0.002,0.049,0.716,82.35893
No,0,0,566,29.6,19,0.078,0.069,0.004,0.108,0.111,0.004,0.065,0.64,82.35591
No,1,0,490,22.5,21.7,0.08,0.012,0.004,0.114,0.073,0,0.047,0.749,81.93843
No,0,0,282,17,16.5,0.113,0.014,0.011,0.018,0.121,0,0.053,0.784,81.90355
No,1,0,2038,122,16.7,0.062,0.022,0.004,0.031,0.083,0.004,0.039,0.817,81.87829
No,0,0,470,26.3,17.8,0.147,0.002,0,0.098,0.126,0.006,0.036,0.732,81.79827
No,1,0,332,17.7,18.7,0.256,0.006,0.006,0.024,0.241,0,0.015,0.708,81.73429
No,0,0,306,14.8,20.6,0.199,0.003,0.01,0.016,0.052,0,0.02,0.899,81.73409
No,0,0,2509,139.8,17.9,0.073,0.024,0.004,0.031,0.106,0.004,0.057,0.774,81.5305
No,0,0,555,36.6,15.1,0.189,0.004,0,0.009,0.105,0.007,0.018,0.858,81.42991
No,0,0,557,28,19.8,0.289,0.018,0.004,0.095,0.18,0,0.022,0.682,81.12127
No,0,0,619,27.6,22.3,0.195,0,0,0.021,0.136,0.002,0.031,0.811,80.971
Yes,0,0,387,21,18.4,0.377,0.005,0.003,0.005,0.214,0,0.021,0.752,80.95009
No,0,0,800,45.7,17.4,0.043,0.043,0.005,0.083,0.126,0.001,0.056,0.686,80.94318
No,0,0,492,27.9,17.6,0.25,0.01,0.016,0.035,0.116,0,0.053,0.77,80.92336
Yes,0,0,372,24.6,15.1,0.073,0.005,0.005,0.035,0.086,0,0.024,0.844,80.90471
No,0,0,479,29.2,16.3,0.152,0.002,0.004,0.008,0.157,0,0.01,0.818,80.88382
No,0,0,449,18.3,24.4,0.214,0.013,0.004,0.053,0.154,0.007,0.04,0.728,80.58507
No,0,0,339,17.9,18.8,0.761,0.018,0,0.024,0.074,0,0.018,0.867,80.46336
Yes,0,0,930,48.6,19.1,0.109,0.019,0.009,0.016,0.101,0,0.059,0.796,80.35621
No,0,0,294,19.6,14.9,0.35,0,0,0.01,0.293,0,0.014,0.684,80.30591
No,0,0,358,21.1,16.9,0.098,0,0.003,0.008,0.07,0,0.031,0.888,80.22757
No,1,0,233,16.6,13.9,0.348,0.129,0.004,0.021,0.159,0,0.12,0.567,80.21914
No,0,0,435,24.8,17.5,0.251,0.011,0.007,0.034,0.168,0,0.06,0.72,79.99993
No,0,1,497,27.7,17.9,0.06,0.022,0.004,0.042,0.101,0.002,0.05,0.779,79.90343
No,1,0,533,21.2,25.1,0.073,0.006,0,0.039,0.084,0.006,0.039,0.826,79.88279
No,0,0,601,31.5,19,0.063,0.007,0.008,0.03,0.113,0,0.045,0.797,79.86836
No,0,0,415,22.6,18.3,0.072,0.007,0,0.024,0.116,0.002,0.048,0.802,79.49455
No,0,0,425,25.3,16.7,0.132,0.012,0.014,0.033,0.155,0,0.019,0.767,79.31514
No,0,0,728,32.7,22.2,0.093,0.005,0,0.025,0.096,0,0.023,0.85,79.24564
No,0,0,295,20.2,14.5,0.325,0.003,0,0.007,0.285,0,0.031,0.675,79.18327
No,0,0,367,22.3,16.4,0.207,0.014,0,0.025,0.177,0.003,0.052,0.73,79.05245
No,0,0,654,32.3,20.1,0.04,0.005,0,0.049,0.109,0,0.054,0.784,79.046
Yes,0,0,319,19.6,16.2,0.561,0,0.006,0.003,0.743,0,0.013,0.235,78.91945
No,0,0,350,13.9,25,0.16,0,0.006,0.014,0.069,0,0.026,0.886,78.88564
No,0,0,609,34.5,17.6,0.128,0.025,0.005,0.023,0.126,0.007,0.057,0.757,78.83218
No,0,0,420,27.9,15,0.126,0.01,0.01,0.045,0.09,0.012,0.048,0.786,78.80921
Yes,0,0,176,12.8,13.7,0.375,0,0.034,0,0.222,0.006,0.04,0.699,78.75864
No,1,0,745,28,26.6,0.016,0.004,0.005,0.016,0.114,0,0.04,0.82,78.62114
No,1,0,757,31.2,24.2,0.125,0.025,0.003,0.008,0.21,0,0.049,0.705,78.52729
No,0,0,656,32,20.4,0.21,0.078,0.003,0.058,0.142,0,0.087,0.633,78.49718
Yes,0,0,551,31.5,17.4,0.557,0.16,0.009,0.038,0.396,0.013,0.073,0.312,78.41527
Yes,0,0,162,16.6,9.7,0.698,0,0,0,0.562,0,0.025,0.414,78.415
No,0,0,235,14.9,15.7,0.145,0.004,0,0.009,0.068,0,0.038,0.881,78.29309
No,0,0,184,10.5,17.4,0.37,0,0,0.038,0.038,0,0.005,0.918,78.18309
No,0,0,567,30,18.9,0.243,0.101,0.007,0.03,0.168,0.002,0.086,0.607,78.04464
No,0,0,456,26,17.5,0.274,0.132,0.007,0.061,0.151,0.004,0.075,0.57,78.012
No,0,0,541,32.8,16.4,0.152,0.013,0,0.043,0.092,0,0.024,0.828,77.73173
No,0,0,530,30.4,17.4,0.117,0.015,0.009,0.017,0.128,0,0.036,0.794,77.63364
Yes,0,0,237,13.8,17,0.557,0.013,0.004,0,0.156,0,0.008,0.819,77.62443
No,0,0,411,22.7,18,0.071,0.01,0.002,0.012,0.119,0,0.044,0.813,77.62057
Yes,0,0,494,28,17.6,0.34,0.006,0.002,0.012,0.099,0,0.049,0.832,77.56382
No,0,0,540,30,18,0.474,0.124,0.006,0.054,0.246,0.002,0.063,0.506,77.51418
No,0,0,436,24,18.1,0.328,0.021,0.009,0.023,0.163,0,0.062,0.722,77.48118
Yes,0,0,352,24.9,14.1,0.27,0.006,0.006,0.023,0.162,0,0.057,0.747,77.41643
No,1,0,914,47.2,19.3,0.012,0.008,0.002,0.073,0.07,0,0.028,0.818,77.40079
No,0,0,278,13.8,20.1,0.273,0.004,0.004,0.007,0.137,0.004,0.054,0.791,77.30982
No,0,0,449,22.5,19.9,0.167,0,0.004,0.018,0.118,0,0.027,0.833,77.19564
No,0,0,402,21.4,18.7,0.199,0.012,0,0.02,0.117,0.005,0.042,0.803,77.16945
No,0,0,323,17.1,18.8,0.297,0,0.006,0.012,0.118,0,0.009,0.854,77.154
No,0,0,528,24.3,21.6,0.311,0.011,0.006,0.025,0.17,0.002,0.028,0.758,77.08057
No,1,0,125,13.9,8.9,0,0,0.008,0.016,0.016,0,0,0.96,77.038
No,0,0,462,27,17,0.253,0.011,0,0.002,0.171,0,0.03,0.786,77.01118
No,0,0,630,33.6,18.7,0.183,0.087,0.005,0.062,0.181,0.005,0.063,0.597,76.98155
No,1,0,233,13.3,17.4,0.232,0,0.004,0.009,0.21,0.009,0.013,0.755,76.92757
No,0,0,412,24.5,16.8,0.124,0.015,0,0.005,0.087,0,0.012,0.881,76.89945
Yes,0,0,330,19.7,16.6,0.567,0,0.003,0,0.264,0.003,0.009,0.721,76.75629
No,0,0,444,24,18.5,0.162,0,0.007,0.023,0.101,0,0.029,0.84,76.73093
No,0,0,887,46.7,18.9,0.115,0.012,0.002,0.118,0.09,0.001,0.067,0.709,76.72457
No,0,0,481,27.4,17.5,0.116,0.027,0.008,0.05,0.112,0,0.062,0.74,76.70764
No,0,0,490,25.9,18.9,0.137,0,0.01,0.014,0.12,0.002,0.043,0.81,76.59173
No,0,1,454,25.7,17.6,0.099,0.013,0,0.097,0.121,0,0.064,0.705,76.58227
No,0,0,495,32.4,15.2,0.218,0.053,0.01,0.03,0.154,0.006,0.081,0.667,76.56664
No,0,0,366,20.4,17.9,0.169,0.016,0.003,0.022,0.101,0.003,0.027,0.828,76.52927
No,0,0,441,26.1,16.8,0.463,0.018,0.007,0.016,0.224,0.002,0.039,0.694,76.49827
Yes,0,0,379,25.8,14.6,0.272,0,0.003,0.029,0.182,0,0.037,0.749,76.48109
No,0,0,968,49.3,19.6,0.144,0.011,0,0.056,0.123,0.002,0.038,0.77,76.45121
No,0,0,686,37.3,18.3,0.356,0.06,0.004,0.023,0.168,0.006,0.085,0.655,76.39
No,1,0,240,14,17.1,0.279,0,0,0.021,0.117,0.013,0.025,0.825,76.38257
No,0,0,609,34.7,17.5,0.21,0.015,0.01,0.069,0.176,0,0.064,0.667,76.07409
No,0,0,433,23.3,18.5,0.376,0.009,0.009,0.016,0.194,0.002,0.051,0.718,75.86191
No,0,0,480,26,18.4,0.142,0.002,0.004,0.048,0.152,0,0.031,0.763,75.69093
No,0,0,631,29.8,21.1,0.165,0.114,0.003,0.081,0.16,0,0.068,0.574,75.67273
No,0,0,545,29,18.7,0.174,0.002,0.006,0.147,0.167,0,0.029,0.65,75.594
No,0,0,649,44.7,14.5,0.111,0.003,0.005,0.003,0.045,0.003,0.029,0.912,75.53386
No,0,0,581,32.8,17.7,0.454,0.017,0.012,0.003,0.243,0.003,0.034,0.687,75.37736
No,0,0,434,23.3,18.6,0.219,0.016,0.005,0.028,0.118,0,0.021,0.813,75.28836
No,0,0,587,34.8,16.8,0.136,0.009,0.01,0.029,0.143,0.002,0.037,0.77,75.19421
Yes,0,0,434,29.4,14.7,0.311,0.046,0,0.032,0.189,0,0.044,0.689,75.11491
No,0,0,518,25,20.7,0.286,0.002,0,0.004,0.147,0,0.054,0.793,75.001
No,1,0,507,33.6,15,0.369,0.28,0.004,0.039,0.152,0,0.028,0.497,74.90686
No,0,0,485,27.1,17.8,0.076,0.002,0.01,0.041,0.134,0.002,0.037,0.773,74.71393
No,1,0,446,24.8,17.9,0.027,0.011,0.004,0.022,0.063,0.004,0.031,0.863,74.66593
No,0,0,334,15,22.2,0.368,0.006,0.012,0.006,0.314,0,0.036,0.626,74.51779
No,1,0,750,46.4,16.1,0.124,0.049,0.005,0.032,0.181,0.003,0.077,0.652,74.18679
No,0,0,563,30.6,18.3,0.158,0,0.002,0.004,0.139,0,0.011,0.845,73.94773
No,0,0,515,24.5,21,0.264,0.008,0.012,0.016,0.206,0.002,0.041,0.717,73.89393
No,1,0,528,26.6,19.8,0.263,0.036,0,0.019,0.223,0.006,0.044,0.672,73.79664
No,0,0,588,31.2,18.8,0.07,0.003,0.002,0.051,0.109,0.002,0.049,0.784,73.67021
No,0,0,439,27,16.2,0.178,0.014,0,0.032,0.13,0,0.075,0.749,73.25245
No,1,0,643,30.6,21,0.198,0.014,0.002,0.045,0.199,0,0.056,0.684,73.23786
Yes,0,0,286,18,15.8,0.399,0,0.049,0.003,0.276,0,0.028,0.643,73.20645
No,0,0,520,28,18.5,0.138,0.01,0.002,0.033,0.113,0,0.04,0.802,73.11721
No,0,0,760,44.9,16.9,0.158,0.007,0.003,0.017,0.171,0,0.057,0.746,73.02871
No,1,0,285,19,14.9,0.218,0.007,0.007,0.035,0.091,0,0.025,0.835,72.96507
No,0,0,692,37.5,18.4,0.061,0.004,0.004,0.033,0.077,0,0.055,0.827,72.63227
No,0,0,443,22.8,19.3,0.318,0.016,0.005,0.025,0.233,0.009,0.038,0.675,72.48257
No,0,0,419,24.7,16.9,0.446,0.002,0,0.031,0.31,0.002,0.024,0.63,72.16036
No,0,0,319,20.7,15.3,0.42,0.075,0.003,0.028,0.245,0.003,0.05,0.596,72.14373
No,0,1,460,24,19.1,0.191,0.009,0.004,0.059,0.124,0,0.028,0.776,71.958
No,0,0,631,32,19.7,0.206,0.006,0.021,0.003,0.122,0.002,0.032,0.815,71.93055
No,0,0,608,32,19,0.248,0.028,0.008,0.044,0.184,0.002,0.031,0.702,71.60464
No,0,0,359,18,19.9,0.27,0.025,0.017,0.028,0.237,0,0.078,0.616,71.45709
No,1,0,678,35.2,19.2,0.161,0.009,0,0.032,0.099,0.004,0.069,0.786,71.41064
No,0,0,548,28.5,19.2,0.392,0.013,0,0.018,0.38,0,0.026,0.564,71.33291
No,0,0,631,34,18.5,0.143,0.095,0.002,0.059,0.143,0.002,0.059,0.642,71.257
No,0,0,424,22,19.2,0.465,0.007,0.005,0,0.127,0,0.045,0.816,71.24882
Yes,0,0,467,29,16.1,0.4,0.058,0.009,0.002,0.227,0.013,0.122,0.57,71.13291
No,0,0,625,36.6,17,0.51,0.002,0.005,0.003,0.488,0,0.018,0.485,71.07643
No,1,0,384,22.4,17.1,0.161,0.034,0.008,0.008,0.07,0.005,0.044,0.831,70.83214
No,0,0,413,23.2,17.8,0.259,0.007,0.002,0.015,0.15,0,0.039,0.787,70.80518
No,0,0,551,28.2,19.5,0.04,0.02,0.007,0.054,0.087,0,0.053,0.779,70.60371
No,0,0,593,27.9,21.2,0.172,0.005,0.002,0.008,0.14,0.002,0.005,0.838,70.51418
No,0,0,499,28,17.8,0.17,0.006,0.008,0.054,0.15,0,0.03,0.752,70.43591
No,0,0,661,37.2,17.7,0.198,0.017,0.005,0.132,0.153,0,0.047,0.648,70.41036
No,0,0,244,16.6,14.6,0.09,0,0.008,0.004,0.02,0,0.016,0.951,70.3875
No,0,0,592,32.7,18,0.231,0.005,0.007,0.049,0.155,0.002,0.054,0.728,70.17836
Yes,0,0,524,26.6,19.6,0.258,0.008,0.004,0.004,0.298,0,0.021,0.666,69.97264
No,0,0,207,11.7,17.6,0.372,0.005,0.01,0,0.227,0.005,0.005,0.749,69.77491
No,1,0,517,25.6,20.1,0.182,0.004,0,0.027,0.133,0.002,0.046,0.787,69.63121
Yes,0,0,218,18.7,11.6,0.633,0,0,0,0.275,0,0,0.725,69.35786
No,0,0,271,20.2,13.3,0.28,0.011,0.007,0.015,0.288,0.004,0.018,0.657,69.29418
No,0,0,333,16.8,19.7,0.393,0.021,0.003,0.024,0.252,0.003,0.033,0.664,69.1085
Yes,0,0,240,15.1,15.8,0.529,0.025,0.004,0.013,0.121,0.017,0.029,0.792,68.96418
Yes,0,0,149,14.8,10,0.369,0,0,0.007,0.128,0,0.04,0.826,68.86964
No,0,0,399,22.4,17.8,0.246,0.005,0.005,0.038,0.143,0,0.018,0.792,68.802
No,1,0,1866,87.2,21.3,0.183,0.014,0.006,0.068,0.251,0.001,0.025,0.635,68.78342
No,1,0,743,28.4,26.1,0.129,0.011,0.001,0.005,0.21,0.001,0.02,0.751,68.78336
No,0,0,402,18.1,22.1,0.179,0.01,0.012,0.072,0.149,0,0.075,0.682,68.68436
No,0,0,506,26.7,18.9,0.324,0.01,0.002,0.091,0.198,0,0.045,0.654,68.58571
No,0,0,367,19.9,18.3,0.24,0.005,0.003,0.016,0.054,0.008,0.005,0.907,68.54173
Yes,0,0,846,46,18.3,0.352,0.137,0.011,0.022,0.221,0.008,0.093,0.507,68.52573
No,0,0,270,19,14.2,0.707,0.052,0.011,0,0.352,0.004,0.085,0.496,68.41027
Yes,0,0,576,34,16.9,0.637,0.005,0.002,0.031,0.319,0.003,0.017,0.622,68.32555
No,1,0,162,11.9,13.5,0.093,0,0.006,0.012,0.062,0,0.043,0.877,68.2351
No,0,0,651,31.7,20.5,0.094,0.005,0.003,0.009,0.091,0.002,0.049,0.842,68.22755
No,0,0,462,21,21.9,0.258,0.004,0.009,0.011,0.145,0,0.022,0.81,68.18418
No,0,0,1111,57.6,19.2,0.427,0.011,0.007,0.077,0.316,0.003,0.034,0.553,68.10921
No,0,0,538,28.6,18.8,0.188,0.022,0.002,0.026,0.13,0.006,0.045,0.77,68.10264
No,0,0,698,39.6,17.5,0.117,0.039,0.007,0.021,0.116,0.003,0.069,0.745,68.02991
No,0,0,376,18.5,20.3,0.213,0.008,0.005,0.019,0.154,0,0.024,0.79,67.90164
No,0,0,546,29.3,18.6,0.095,0.013,0.004,0.022,0.139,0,0.049,0.773,67.858
No,0,0,417,22.6,18.3,0.329,0.01,0.01,0.122,0.225,0,0.06,0.573,67.77643
Yes,0,0,307,14.4,21.1,0.544,0.007,0.01,0.003,0.309,0,0.042,0.629,67.73645
No,0,0,587,34.6,16.9,0.162,0.014,0.005,0.009,0.099,0.003,0.055,0.816,67.60986
No,0,0,613,35.1,17.4,0.259,0.042,0.007,0.024,0.157,0.008,0.067,0.695,67.57691
No,0,0,424,15.6,27,0.325,0.014,0.007,0.028,0.175,0.007,0.045,0.724,67.5705
No,0,0,458,30.5,15,0.36,0.098,0.015,0.031,0.197,0.009,0.066,0.585,67.53791
No,0,0,348,20.2,17.2,0.23,0.009,0.003,0.026,0.121,0,0.029,0.813,67.49845
No,0,0,486,24.1,20.1,0.123,0.004,0.002,0.014,0.136,0,0.049,0.794,67.42291
No,0,0,740,37.7,19.5,0.226,0.008,0.004,0.099,0.254,0.001,0.066,0.568,67.32555
No,1,0,746,53,14,0.157,0.035,0.004,0.017,0.194,0.004,0.121,0.625,67.1965
No,1,0,555,26,21.3,0.121,0.065,0.002,0.088,0.2,0.004,0.049,0.593,67.149
Yes,0,0,128,11,11.6,0.367,0.031,0,0,0.055,0,0,0.914,67.04863
No,0,0,392,26.5,14.7,0.168,0,0.003,0.005,0.097,0,0.038,0.857,66.84373
Yes,0,0,330,20.6,16,0.258,0,0.009,0.009,0.218,0,0.024,0.739,66.75936
No,0,0,628,34,18.4,0.279,0.019,0.006,0.049,0.196,0,0.027,0.702,66.74873
Yes,0,0,514,42.3,12.1,0.263,0,0,0.01,0.185,0.004,0.014,0.788,66.67693
No,0,0,159,9.6,16.4,0.176,0,0,0.006,0.088,0,0.031,0.874,66.615
Yes,1,0,279,22.9,12.1,0.319,0.039,0.011,0.079,0.14,0,0.036,0.695,66.55073
Yes,0,0,489,26,18.8,0.675,0.219,0.018,0.01,0.38,0.014,0.057,0.301,66.419
No,0,0,635,35.9,17.6,0.192,0.047,0.003,0.061,0.169,0.005,0.074,0.641,66.28564
Yes,0,0,109,10.8,10,0.55,0,0.009,0,0.33,0,0,0.661,66.231
No,0,0,387,30.3,12.7,0,0.018,0.003,0.034,0.109,0,0.067,0.77,66.16714
Yes,0,0,453,26.7,16.9,0.298,0.018,0.009,0.013,0.068,0.004,0.022,0.865,66.15364
No,0,0,654,40.9,15.9,0.257,0.087,0.008,0.014,0.213,0.017,0.11,0.552,66.09318
No,0,0,273,16.1,16.9,0.125,0.007,0.018,0.022,0.084,0,0.051,0.817,65.78843
No,0,0,354,21.1,16.7,0.412,0.037,0.023,0.017,0.195,0,0.056,0.672,65.68473
No,0,1,711,40,17.7,0.63,0.003,0.001,0.006,0.518,0,0.024,0.449,65.66686
No,0,0,470,27,17.4,0.347,0.166,0.002,0.036,0.202,0,0.062,0.532,65.55145
No,0,0,743,42.1,17.6,0.155,0.023,0,0.012,0.131,0.001,0.065,0.769,65.54691
No,0,0,318,19.2,16.5,0.472,0.013,0.003,0.009,0.226,0,0.05,0.698,65.52436
No,0,0,610,35.8,17,0.074,0.005,0,0.02,0.098,0.002,0.031,0.844,65.52293
No,0,0,526,25.5,20.6,0.262,0.032,0.008,0.067,0.162,0.002,0.019,0.711,65.41491
No,0,0,413,22.2,18.5,0.521,0.01,0.027,0,0.303,0,0.027,0.634,65.396
Yes,0,0,272,16.9,16,0.79,0.007,0.004,0,0.382,0,0.018,0.588,65.37664
No,0,0,548,26.5,20.6,0.288,0.004,0.005,0.029,0.193,0,0.04,0.728,65.23171
Yes,0,0,165,10.4,15.8,0.309,0.024,0.018,0,0.079,0,0.018,0.861,65.183
Yes,0,0,308,24,12.8,0.51,0.003,0,0,0.458,0,0.01,0.529,65.16486
No,0,0,104,7.3,14.1,0.337,0,0,0.029,0.087,0,0.019,0.865,65.07191
No,0,0,553,33.3,16.5,0.465,0.029,0.014,0.042,0.418,0,0.033,0.465,65.005
No,0,0,583,28.1,20.7,0.266,0.002,0.002,0.012,0.197,0,0.039,0.748,64.875
No,0,0,342,19,17.9,0.567,0.012,0.009,0.006,0.295,0.003,0.015,0.661,64.72107
No,0,0,490,29.3,16.7,0.355,0.004,0.061,0.012,0.188,0.002,0.027,0.706,64.55545
No,0,0,408,26.5,15.3,0.463,0.017,0,0.01,0.277,0,0.025,0.672,64.49955
No,1,0,327,19.5,16.7,0.171,0,0.009,0.009,0.15,0,0.034,0.798,64.46179
No,1,0,190,7.4,25.3,0.274,0.016,0.005,0.021,0.095,0,0.005,0.858,64.44978
No,1,0,1044,35.8,29.1,0.367,0.01,0.008,0.097,0.276,0.003,0.038,0.569,64.033
No,0,0,452,22.5,20,0.381,0.015,0.004,0.024,0.153,0,0.035,0.768,63.97786
Yes,0,0,201,13.8,14.5,0.801,0,0.02,0,0.463,0.005,0.035,0.478,63.83255
No,0,0,418,26.8,15.5,0.294,0.007,0,0.053,0.201,0,0.043,0.696,63.68227
Yes,0,0,199,17.3,11.4,0.377,0,0,0,0.211,0,0.045,0.744,63.58809
No,0,0,632,31.5,20,0.231,0.011,0.009,0.074,0.241,0,0.032,0.633,63.46155
No,0,0,518,25,20.7,0.131,0.014,0.002,0.069,0.164,0.002,0.025,0.724,63.29891
No,0,0,484,23.5,20.5,0.256,0.004,0.002,0.019,0.114,0,0.031,0.831,63.20879
No,0,0,753,40.8,18.4,0.149,0.015,0.005,0.04,0.138,0.003,0.027,0.773,63.11793
Yes,0,0,142,10.3,13.7,0.62,0.007,0.014,0,0.113,0,0.028,0.838,63.03955
No,1,0,463,26,17.7,0.464,0.006,0.002,0.043,0.51,0.004,0.026,0.408,62.90121
Yes,0,0,161,11.7,13.6,0.609,0.006,0.006,0,0.398,0,0.019,0.571,62.84291
No,0,0,936,54.4,17.1,0.25,0.019,0.002,0.024,0.141,0,0.063,0.751,62.77386
No,0,0,390,24.4,15.9,0.531,0.059,0,0.01,0.251,0.005,0.113,0.562,62.694
Yes,0,0,430,27,15.8,0.426,0.079,0,0.009,0.265,0.016,0.095,0.535,62.642
Yes,0,0,339,17.3,19.5,0.499,0.006,0,0.012,0.177,0,0.05,0.755,62.59482
Yes,0,0,425,29,14.6,0.442,0.005,0.009,0.005,0.162,0,0.026,0.793,62.50743
No,0,0,264,16.3,16.1,0.485,0,0.008,0,0.22,0,0.03,0.742,62.27555
No,0,0,350,17.5,19.9,0.254,0.014,0,0.023,0.12,0,0.031,0.811,62.21964
No,0,0,635,36.5,17.3,0.216,0.085,0.006,0.077,0.153,0.002,0.046,0.631,62.05382
No,0,0,401,23.4,17.1,0.209,0.01,0.005,0.005,0.17,0,0.005,0.805,61.98445
No,0,0,632,31.5,20,0.389,0.033,0.002,0.033,0.288,0,0.022,0.622,61.98309
No,0,0,321,18.5,17.3,0.414,0.009,0,0.012,0.159,0,0.04,0.779,61.96436
No,0,0,457,26.5,17.2,0.352,0.009,0.002,0.015,0.219,0,0.018,0.737,61.87436
Yes,0,0,488,32.9,14.8,0.381,0.006,0.057,0.025,0.244,0,0.029,0.639,61.86409
No,0,0,654,41.6,15.6,0.243,0.073,0,0.05,0.19,0,0.092,0.595,61.85327
Yes,0,0,416,27.5,15,0.531,0,0,0.005,0.589,0,0.019,0.387,61.84309
No,0,0,381,20,18.9,0.26,0.026,0,0.016,0.147,0,0.039,0.772,61.82145
Yes,0,0,360,29.2,12.3,0.397,0,0.014,0,0.172,0.006,0.019,0.789,61.81918
No,0,0,202,12,16.8,0.193,0,0,0,0.134,0,0.025,0.842,61.80982
No,0,0,882,39.1,22.5,0.262,0.029,0.001,0.035,0.339,0.001,0.041,0.553,61.6
No,0,0,419,22.6,18.4,0.346,0.002,0.01,0.024,0.215,0.002,0.031,0.716,61.53179
Yes,0,0,216,15,14.3,0.366,0.009,0,0,0.083,0,0,0.907,61.50918
No,0,0,461,23.6,19.5,0.163,0.017,0.002,0.059,0.182,0,0.017,0.722,61.47873
No,1,0,476,25.9,18.3,0.271,0.002,0.008,0.023,0.139,0,0.032,0.796,61.46957
No,0,0,330,19.9,16.5,0.376,0.009,0,0.006,0.167,0,0.033,0.785,61.39555
No,0,0,499,31.6,15.7,0.519,0.018,0.012,0.022,0.357,0.006,0.036,0.549,61.3755
Yes,0,0,145,8.6,16.8,0.462,0.007,0,0,0.248,0,0,0.745,61.23827
Yes,0,0,230,15.1,15.1,0.687,0.013,0.013,0,0.539,0.009,0,0.426,61.23655
Yes,0,0,102,10.6,9.6,0.608,0,0,0,0.735,0,0,0.265,61.225
Yes,0,0,389,27.3,14.2,0.378,0.01,0,0.051,0.28,0.003,0.057,0.599,61.20864
Yes,0,0,267,18.3,14.5,0.592,0.011,0.004,0.007,0.247,0.004,0.03,0.697,61.16509
Yes,0,0,341,25,13.5,0.29,0,0,0.003,0.109,0,0.038,0.85,61.143
No,1,0,773,50.6,15.2,0.163,0.005,0.003,0.045,0.109,0,0.058,0.78,61.10429
Yes,0,0,384,20.7,18.4,0.51,0.008,0.008,0.005,0.146,0,0.023,0.81,60.85829
No,0,0,331,21.3,15.5,0.396,0.003,0.009,0.006,0.341,0.006,0.015,0.619,60.69673
Yes,0,0,109,8.6,12.5,0.523,0.018,0.028,0,0.037,0,0,0.917,60.54225
No,0,0,520,22.6,22.9,0.3,0.002,0.004,0.01,0.217,0.002,0.042,0.723,60.47593
No,0,0,613,35.5,17.2,0.235,0.093,0,0.036,0.166,0.002,0.073,0.63,60.45009
Yes,0,0,383,29.7,12.8,0.371,0.094,0.01,0.023,0.18,0.01,0.063,0.619,60.44564
Yes,0,0,314,20.5,15.3,0.42,0.054,0,0.01,0.182,0,0.057,0.697,60.31579
No,0,0,810,46,17.5,0.173,0.098,0.005,0.09,0.154,0,0.048,0.605,60.30827
Yes,0,0,360,25.5,14.1,0.875,0.117,0.006,0.014,0.547,0.008,0.064,0.244,60.292
No,0,0,450,23.4,19.2,0.318,0.011,0.002,0.004,0.153,0,0.033,0.796,60.13191
Yes,0,0,140,11.5,12.1,0.55,0,0.007,0,0.079,0,0.057,0.857,60.11627
No,0,0,417,23.7,17.5,0.278,0.005,0.007,0.007,0.053,0,0.041,0.887,59.85145
No,0,0,334,21.3,15.6,0.404,0.018,0,0.015,0.147,0.003,0.078,0.74,59.77655
No,1,0,627,39.9,15.7,0.163,0.013,0.003,0.022,0.136,0.002,0.011,0.813,59.74679
No,1,0,291,20.8,13.9,0.141,0,0,0.017,0.244,0.007,0.014,0.718,59.66757
Yes,0,0,133,11.7,11.3,0.602,0,0,0,0,0,0.015,0.985,59.55657
No,0,0,489,23,21.2,0.241,0.014,0.004,0.008,0.256,0.002,0.039,0.677,59.51691
Yes,0,0,400,21.5,18.5,0.593,0.003,0.005,0.003,0.508,0.003,0.028,0.453,59.19
No,0,0,419,24.1,17.3,0.518,0.041,0.007,0,0.222,0.002,0.076,0.652,59.15082
Yes,0,0,233,15.6,14.8,0.536,0.004,0.004,0,0.146,0,0.043,0.803,58.98118
Yes,0,0,246,19.1,12.8,0.407,0,0,0.004,0.252,0,0.012,0.732,58.6635
No,0,0,617,33,18.6,0.379,0.089,0.003,0.016,0.217,0.015,0.118,0.541,58.63582
No,0,0,313,19.2,16.3,0.47,0.019,0.01,0.035,0.185,0,0.026,0.725,58.53209
No,0,0,441,25.8,17,0.134,0.005,0,0.048,0.141,0,0.041,0.766,58.28429
No,1,0,390,26.7,14.5,0.044,0.003,0.003,0.033,0.144,0,0.044,0.774,58.24457
No,0,0,526,29.8,17.6,0.363,0.175,0.004,0.046,0.198,0.006,0.091,0.481,58.18018
No,0,0,476,22.7,20.9,0.214,0,0.004,0.006,0.101,0.006,0.063,0.819,58.12345
No,0,0,451,25,18,0.457,0.009,0.011,0.004,0.2,0.002,0.051,0.723,58.03082
No,0,0,377,23.7,15.8,0.48,0.024,0.008,0.016,0.313,0,0.013,0.626,57.98536
No,0,0,675,30.7,21.9,0.305,0.16,0.003,0.126,0.227,0,0.081,0.403,57.84786
No,0,0,502,24.5,20.4,0.426,0.014,0,0.012,0.323,0,0.036,0.616,57.82245
No,0,0,575,31,18.5,0.388,0.014,0.01,0.016,0.39,0.002,0.033,0.536,57.75073
No,0,0,355,16.8,21,0.403,0.017,0.02,0.014,0.197,0,0.034,0.718,57.35164
No,0,0,476,21.1,22.4,0.426,0.042,0.017,0.015,0.313,0,0.036,0.578,57.18836
No,0,0,637,31.8,19.9,0.085,0.017,0.002,0.017,0.107,0.002,0.035,0.821,57.14193
Yes,0,0,529,34,15.5,0.44,0.013,0,0.017,0.287,0,0.055,0.628,57.04691
Yes,0,0,381,22.7,16.7,0.42,0.013,0.003,0.013,0.087,0,0.058,0.827,56.99273
Yes,0,0,280,18.3,15.2,0.35,0.025,0.014,0.014,0.111,0,0.032,0.804,56.91971
Yes,0,0,366,18.5,19.7,0.26,0,0.016,0,0.164,0.003,0.003,0.814,56.90627
Yes,0,0,372,24.2,15.3,0.532,0.003,0.013,0.003,0.148,0,0.027,0.806,56.89864
No,0,0,531,25.8,20.5,0.674,0.013,0.006,0.009,0.663,0,0.011,0.298,56.843
No,0,0,571,33.3,17.1,0.32,0.068,0.011,0.028,0.245,0.009,0.079,0.56,56.76209
Yes,0,0,480,34,14.1,0.498,0.002,0,0.002,0.338,0,0.002,0.656,56.71845
Yes,0,0,535,33,16.2,0.903,0.202,0,0.019,0.417,0.028,0.08,0.254,56.64091
No,0,0,364,19.3,18.7,0.621,0.022,0.003,0.014,0.701,0,0.022,0.239,56.63273
Yes,0,0,594,36.6,16.1,0.54,0.012,0.013,0.022,0.217,0.007,0.024,0.705,56.62345
No,0,0,711,38,18.6,0.606,0.024,0.003,0.014,0.549,0.001,0.015,0.394,56.59721
Yes,0,0,279,18.9,14.7,0.53,0.011,0.004,0,0.147,0,0.022,0.817,56.45336
Yes,0,0,336,20.4,16.4,0.637,0.015,0.003,0.012,0.277,0,0.03,0.664,56.44473
No,0,0,392,21,18.6,0.492,0.015,0.01,0.036,0.367,0.003,0.028,0.541,56.43427
No,0,0,490,26.3,18.6,0.322,0.012,0.006,0.024,0.247,0.002,0.037,0.671,56.39171
No,0,0,293,18.2,16,0.266,0.003,0,0.014,0.061,0.003,0.058,0.86,56.37764
No,0,0,474,26.4,17.9,0.099,0.008,0.002,0.008,0.16,0,0.044,0.776,56.34221
Yes,0,0,211,15.1,13.9,0.815,0.071,0.005,0.005,0.351,0.005,0.038,0.526,56.12664
Yes,0,0,87,8.6,10,0.609,0,0,0,0.264,0,0,0.736,56.101
Yes,0,0,168,16.4,10.1,0.589,0,0,0,0.161,0,0.03,0.81,55.99655
Yes,0,0,670,47.8,14,0.4,0.001,0.001,0.01,0.522,0,0.022,0.442,55.95671
Yes,0,0,222,13.2,16.7,0.545,0,0,0,0.302,0,0.023,0.676,55.92964
Yes,0,0,469,24.5,19.1,0.267,0.009,0.011,0.011,0.136,0.004,0.019,0.81,55.74173
No,0,0,510,25.5,19.9,0.184,0.004,0.002,0.006,0.153,0.002,0.014,0.82,55.52118
No,0,0,548,25.6,21.3,0.593,0.004,0,0,0.6,0,0.005,0.391,55.50779
No,0,0,498,31.7,15.7,0.229,0.028,0.002,0.01,0.133,0.006,0.052,0.769,55.33636
Yes,0,0,413,31.3,13.1,0.482,0.056,0.005,0.017,0.269,0.002,0.075,0.576,55.26309
No,0,0,265,14.4,18.4,0.2,0.023,0.004,0.015,0.128,0.004,0.075,0.751,55.04118
No,0,0,380,22,17.2,0.303,0.008,0.005,0.029,0.134,0.005,0.032,0.787,55.01191
Yes,0,0,92,8.3,11,0.446,0.011,0.022,0,0,0.011,0,0.957,54.86425
No,0,0,453,30.4,14.8,0.494,0.007,0,0.009,0.384,0,0.024,0.576,54.78791
No,0,0,578,29.8,19.3,0.209,0.05,0.002,0.045,0.118,0.003,0.043,0.739,54.76818
Yes,1,0,523,24.1,21.6,0.83,0.01,0.002,0.004,0.893,0,0.008,0.084,54.68591
No,0,0,501,29,17.2,0.12,0.008,0,0.006,0.142,0,0.05,0.794,54.58571
No,1,0,280,13,21.5,0,0,0.004,0.029,0.111,0,0.046,0.811,54.4755
No,1,0,831,41.4,20,0.118,0.053,0.006,0.017,0.183,0.006,0.073,0.662,54.38243
Yes,0,0,344,19.5,17.6,0.581,0.003,0.012,0.012,0.442,0,0.044,0.488,54.22845
No,0,0,510,38.7,13.1,0.59,0.216,0.01,0.039,0.267,0.006,0.065,0.398,54.18643
No,1,0,656,31.1,21,0.255,0.003,0,0.008,0.111,0.003,0.024,0.851,54.10893
No,0,0,531,28,18.9,0.298,0.019,0.002,0.047,0.347,0.002,0.038,0.546,54.01609
Yes,0,0,387,21.3,18.1,0.517,0.008,0.005,0.005,0.437,0,0.023,0.522,53.91118
Yes,0,0,409,21.3,19.1,0.467,0.012,0,0.002,0.401,0,0.022,0.562,53.90064
No,0,0,378,23.2,16.2,0.656,0.085,0,0.019,0.312,0,0.09,0.495,53.81073
No,0,0,470,26.2,17.9,0.368,0.009,0.004,0.021,0.219,0,0.051,0.696,53.73355
No,1,0,187,14.1,13.2,0.369,0.021,0.005,0.005,0.358,0.005,0.016,0.588,53.7265
No,0,0,473,26.7,17.6,0.347,0.011,0.004,0.006,0.156,0,0.027,0.795,53.70845
No,0,0,303,16.4,18.4,0.64,0.013,0.013,0.003,0.284,0.003,0.079,0.604,53.70145
No,0,0,380,23.4,16.1,0.297,0.024,0.008,0.026,0.242,0,0.042,0.658,53.63727
Yes,0,0,380,25,15.2,0.666,0.145,0.011,0.039,0.282,0.016,0.092,0.416,53.37973
No,1,0,1765,88.7,19.8,0.313,0.01,0.006,0.018,0.32,0.004,0.012,0.631,53.26086
No,0,0,389,25.2,15.4,0.424,0.021,0.003,0.003,0.203,0,0.033,0.738,53.24327
No,1,0,755,48.3,15.6,0.248,0.004,0.003,0.016,0.131,0,0.023,0.824,53.02536
Yes,0,0,174,11.9,14.5,0.506,0.011,0.006,0.006,0.011,0,0.046,0.92,52.84445
Yes,0,0,223,18.1,12.2,0.484,0,0.022,0.009,0.09,0,0.049,0.83,52.67507
Yes,0,0,437,29.9,14.6,0.446,0.071,0.002,0.016,0.277,0.023,0.114,0.497,52.51109
No,1,0,112,9.3,11.9,0.188,0.018,0,0.009,0.098,0.009,0.009,0.857,52.51025
No,0,0,320,19.7,16.1,0.431,0.003,0.034,0.006,0.309,0,0.013,0.634,52.21614
Yes,0,0,442,28.2,15.6,0.618,0.002,0.014,0.005,0.281,0,0.036,0.663,52.06018
Yes,0,0,106,8,13.1,0.481,0,0,0,0.17,0,0.009,0.821,51.81538
No,0,0,245,15.5,15.7,0.424,0.004,0,0.004,0.114,0,0.008,0.869,51.77491
No,1,0,539,32.2,16.7,0.481,0.262,0.007,0.03,0.282,0,0.067,0.353,51.71264
Yes,0,0,747,50.4,14.8,0.339,0.008,0.004,0.007,0.455,0,0.021,0.505,51.64027
No,0,0,225,12,18.7,0.422,0.013,0.013,0.009,0.133,0,0.04,0.791,51.4085
No,0,0,578,28.5,20.2,0.458,0.022,0.016,0.085,0.343,0.005,0.042,0.488,51.33091
No,0,0,545,27,20.1,0.319,0.013,0.006,0.018,0.303,0,0.039,0.622,51.25245
Yes,0,0,324,17.9,18,0.457,0.025,0,0.012,0.176,0.006,0.037,0.744,51.19945
No,0,0,565,30,18.8,0.409,0.005,0.007,0.021,0.246,0,0.012,0.708,51.12618
No,0,0,529,25.5,20.7,0.338,0.011,0.006,0.009,0.238,0.004,0.028,0.703,51.01173
No,0,0,659,29.2,22.5,0.452,0.006,0.003,0.017,0.426,0.002,0.036,0.51,50.96618
No,0,0,579,24.5,23.6,0.396,0.012,0.016,0.069,0.39,0,0.033,0.48,50.9445
No,1,0,194,14.7,13.1,0.026,0.129,0.021,0.005,0.196,0.005,0.093,0.552,50.85786
Yes,0,0,393,22.2,17.6,0.471,0,0.003,0.003,0.565,0,0.005,0.425,50.46682
No,0,0,290,13.8,20.9,0.341,0.007,0,0.017,0.283,0,0.031,0.662,50.46221
No,1,0,356,20.4,17.3,0.191,0.011,0.003,0.003,0.194,0.003,0.008,0.778,50.30664
No,0,0,769,46.2,16.6,0.319,0.075,0.01,0.155,0.191,0.003,0.068,0.498,50.27664
Yes,0,0,666,41,16.2,0.477,0.101,0.008,0.02,0.236,0.002,0.108,0.527,50.20545
No,1,0,932,51,18.2,0.244,0.002,0.002,0.014,0.278,0.002,0.024,0.678,50.1555
Yes,1,0,818,37.7,21.6,0.518,0.293,0.004,0.028,0.336,0.002,0.081,0.256,50.14643
No,0,0,645,31.5,20.4,0.316,0.003,0.008,0.006,0.149,0.003,0.029,0.802,50.13227
Yes,0,0,343,23.5,14.5,0.493,0.003,0.006,0,0.108,0,0.038,0.845,50.09682
Yes,0,0,284,19.2,14.7,0.553,0.007,0.021,0.007,0.437,0,0.035,0.493,49.93214
No,0,0,811,42.7,18.9,0.597,0.014,0.005,0.076,0.491,0.002,0.032,0.38,49.77414
No,0,0,966,14.5,66.2,0.066,0.03,0.002,0.007,0.091,0.003,0.051,0.816,49.56386
No,0,0,302,22.3,13.4,0.507,0,0.01,0.007,0.543,0,0.01,0.43,49.34282
No,0,0,389,24.7,15.7,0.378,0.028,0.003,0.01,0.195,0.005,0.028,0.73,49.33273
No,0,0,720,36.4,19.7,0.229,0.054,0.007,0.043,0.226,0.003,0.086,0.581,49.22327
Yes,1,0,132,11.3,11.6,0.576,0,0.03,0,0.136,0,0.061,0.773,49.061
Yes,0,0,478,28.3,16.8,0.588,0.01,0.017,0.002,0.318,0,0.029,0.623,48.92155
Yes,0,0,94,10.6,8.8,0.33,0.021,0.021,0,0.032,0,0,0.926,48.76875
No,0,0,694,31.4,22,0.359,0.039,0.003,0.05,0.389,0,0.046,0.473,48.71909
No,0,0,383,21.7,17.6,0.366,0.005,0.008,0.003,0.196,0,0.084,0.705,48.60136
Yes,0,0,512,37.1,13.7,0.436,0.01,0.004,0.02,0.273,0,0.006,0.688,48.57318
Yes,0,0,405,24.6,16.4,0.644,0.007,0.002,0.007,0.17,0,0.002,0.81,48.527
Yes,0,0,253,18.5,13.6,0.304,0.016,0,0.012,0.138,0.004,0.059,0.771,48.38655
Yes,0,0,437,29.5,14.7,0.519,0.08,0.005,0.007,0.254,0.005,0.073,0.577,48.35345
Yes,0,0,185,15.4,11.9,0.643,0.005,0.086,0,0.162,0,0.038,0.708,48.30882
No,0,0,668,34,19.6,0.374,0.091,0.003,0.013,0.275,0.01,0.099,0.507,48.22273
No,0,0,440,26.4,16.6,0.609,0.07,0.002,0.018,0.264,0.007,0.075,0.564,48.14209
Yes,0,0,95,10.7,8.8,0.232,0,0.011,0,0.084,0,0.021,0.884,48.14025
No,0,0,311,13.4,23,0.312,0,0.003,0.013,0.129,0,0.026,0.83,48.09
No,0,0,329,17,19.2,0.696,0.006,0.006,0,0.802,0,0.006,0.179,48.06355
Yes,0,0,382,26.6,14.3,0.613,0,0.005,0.013,0.346,0,0.029,0.607,47.88873
No,0,0,347,16.3,21.2,0.38,0.009,0,0.084,0.222,0.012,0.069,0.605,47.73729
No,0,0,651,36.7,17.7,0.167,0.009,0.006,0.011,0.14,0.002,0.025,0.808,47.70393
No,0,0,265,16.1,16.3,0.366,0.019,0,0.026,0.192,0,0.049,0.713,47.51393
Yes,0,0,155,11.6,13.3,0.394,0.006,0,0,0.129,0,0.052,0.813,47.47545
No,0,0,579,29.5,19.6,0.193,0.014,0.003,0.021,0.136,0.002,0.047,0.777,47.34436
Yes,0,0,187,14,13.3,0.567,0.075,0.011,0.016,0.508,0.005,0.053,0.332,47.32891
Yes,0,0,261,20.1,12.9,0.728,0.034,0.019,0.011,0.521,0.004,0.011,0.398,47.17943
No,0,0,517,25.8,20,0.383,0.019,0.002,0.056,0.331,0.002,0.014,0.576,47.13873
No,0,0,439,23.3,18.8,0.125,0.055,0.014,0.007,0.276,0.002,0.059,0.588,47.09131
Yes,1,0,800,44.1,18.1,0.611,0.373,0.006,0.081,0.36,0.004,0.046,0.13,47.068
No,0,0,410,27,15.1,0.273,0.01,0.005,0.027,0.159,0.005,0.049,0.746,46.96357
No,0,0,250,16.7,14.9,0.54,0.004,0,0.02,0.32,0,0.02,0.636,46.84618
No,1,0,361,18.3,19.6,0.388,0,0.008,0.03,0.188,0,0.055,0.717,46.84286
Yes,0,0,320,22.4,14.2,0.663,0.006,0.003,0,0.394,0,0.022,0.575,46.82991
Yes,0,0,492,26.3,18.6,0.606,0.002,0.014,0.008,0.248,0.002,0.055,0.671,46.795
No,0,0,594,35.3,16.7,0.387,0.158,0.005,0.054,0.224,0.003,0.061,0.495,46.34382
Yes,0,0,211,12.3,17.1,0.673,0,0.024,0.005,0.142,0.005,0.005,0.82,46.14493
Yes,0,0,264,19.9,13.2,0.667,0,0.019,0,0.098,0.004,0.034,0.845,45.90873
No,0,0,509,28.5,17.8,0.409,0.012,0.002,0.008,0.383,0.002,0.016,0.578,45.88707
Yes,0,1,726,37.8,19.1,0.675,0.096,0.011,0.021,0.482,0.007,0.033,0.35,45.84314
No,0,0,691,33.2,20.8,0.436,0.006,0.003,0.038,0.52,0,0.02,0.414,45.81164
No,0,0,403,24.9,16.1,0.223,0.002,0.005,0.007,0.124,0,0.025,0.836,45.71845
Yes,0,0,376,23.5,16,0.54,0.003,0.003,0.008,0.348,0,0.027,0.612,45.62543
Yes,0,0,380,27.5,13.8,0.411,0.026,0.003,0.039,0.247,0,0.082,0.603,45.42355
Yes,0,0,229,16.6,13.7,0.336,0,0,0,0.096,0,0,0.904,45.29664
Yes,1,0,243,22.6,10.7,0.815,0.374,0.004,0.008,0.477,0,0.053,0.082,45.256
Yes,0,0,95,7.4,12.7,0.495,0,0,0.011,0.032,0,0.011,0.947,45.22775
Yes,0,1,748,44,17,0.69,0.012,0.005,0.024,0.754,0.001,0.023,0.18,45.20221
Yes,0,0,375,17,22,0.515,0,0.011,0,0.203,0,0.067,0.72,45.03764
Yes,0,0,576,34.2,16.8,0.757,0.019,0.005,0.061,0.722,0.007,0.03,0.156,44.88164
No,1,0,758,37.6,20.1,0.364,0.012,0.003,0.055,0.409,0.003,0.051,0.467,44.82564
Yes,0,0,152,14.6,10.4,0.822,0.02,0.013,0.026,0.382,0,0.079,0.48,44.61045
No,0,0,620,30.9,20,0.527,0.008,0.002,0.008,0.55,0,0.035,0.397,44.55593
Yes,0,0,117,9.7,12,0.513,0,0,0.009,0.094,0,0.017,0.88,44.40625
Yes,0,0,403,24.2,16.6,0.407,0.002,0.015,0,0.231,0,0.032,0.72,44.13209
Yes,0,0,741,44.3,16.7,0.48,0.182,0.009,0.018,0.209,0.024,0.089,0.468,44.08418
Yes,0,0,485,35,13.8,0.604,0.161,0.002,0,0.256,0.01,0.085,0.487,43.87818
Yes,0,0,245,15.6,15.6,0.482,0.004,0,0.004,0.139,0,0.041,0.812,43.73673
Yes,0,0,479,31.6,15.1,0.762,0.19,0.017,0.015,0.524,0.006,0.058,0.19,43.65909
Yes,0,0,325,22,14.7,0.495,0.003,0.028,0.003,0.117,0,0.028,0.822,43.60173
No,0,0,342,18.8,18.1,0.556,0.02,0,0.029,0.374,0,0.038,0.538,43.59043
No,1,0,388,26.8,14.4,0.235,0.021,0.003,0.023,0.134,0.008,0.08,0.732,43.56507
Yes,0,0,622,43.5,14.2,0.421,0.008,0.005,0.003,0.257,0,0.011,0.715,43.52655
Yes,0,0,483,23,21,0.797,0.008,0.017,0.004,0.762,0.002,0.041,0.166,43.45836
No,0,0,354,23.8,14.8,0.429,0,0.008,0.003,0.579,0,0.014,0.395,43.27464
No,0,0,703,38.1,18.4,0.408,0.105,0.006,0.047,0.243,0.004,0.075,0.519,43.20364
Yes,0,0,130,8,16.2,0.762,0.023,0,0,0.254,0,0.031,0.692,43.162
No,0,0,449,23.7,18.9,0.532,0.011,0.011,0.011,0.276,0,0.011,0.679,43.09727
Yes,0,0,480,32.5,14.7,0.713,0.071,0.013,0.006,0.313,0.01,0.083,0.504,43.08164
Yes,0,0,446,30.7,14.5,0.509,0.009,0.004,0.002,0.657,0.002,0.025,0.3,43.03345
Yes,0,0,670,43,15.5,0.264,0.001,0.037,0.006,0.157,0,0.034,0.764,42.932
No,0,0,688,33.4,20.5,0.365,0.174,0.001,0.041,0.321,0.006,0.078,0.378,42.89043
No,0,0,304,18.1,16.7,0.375,0.003,0.01,0.003,0.201,0,0.036,0.747,42.87464
No,0,0,389,17.5,22.2,0.355,0.003,0.015,0.028,0.203,0,0.036,0.715,42.67564
Yes,0,0,593,29.8,19.8,0.509,0.196,0.007,0.027,0.265,0.012,0.094,0.4,42.58618
No,0,0,351,17.6,19.8,0.621,0.034,0.009,0.043,0.311,0.006,0.057,0.541,42.49157
No,0,1,297,16.9,17.5,0.387,0.03,0.024,0.03,0.209,0,0.034,0.673,42.41673
No,1,0,445,30.8,14.4,0.6,0.009,0.007,0,0.661,0,0.011,0.312,42.36907
No,0,0,539,24.3,22.1,0.495,0.2,0.011,0.052,0.315,0,0.056,0.365,42.34036
Yes,0,0,211,15.4,13.7,0.621,0,0,0,0.569,0,0.005,0.427,42.22709
Yes,0,0,197,17.3,11.3,0.645,0.015,0.005,0.01,0.284,0,0.02,0.665,42.17855
Yes,0,0,158,10.6,14.7,0.519,0,0,0,0.203,0,0.019,0.778,42.00371
Yes,0,0,371,23.5,15.7,0.555,0,0.016,0.005,0.472,0,0.022,0.485,42.00336
No,0,0,347,18.8,18.4,0.452,0.009,0.003,0.006,0.21,0.006,0.037,0.729,41.95543
Yes,0,0,286,20,14.3,0.727,0.045,0.017,0.017,0.448,0.017,0.059,0.395,41.85336
Yes,0,0,388,22,17.6,0.482,0.015,0,0.005,0.487,0,0.01,0.482,41.72271
No,0,0,397,17.2,23,0.36,0.003,0,0.015,0.592,0,0.03,0.36,41.63464
Yes,0,0,535,35.4,15.1,0.701,0.032,0.002,0.002,0.279,0.002,0.049,0.636,41.60655
Yes,0,0,214,15.2,14,0.65,0.009,0.014,0.005,0.224,0,0.042,0.706,41.41618
Yes,0,0,158,10.3,15.2,0.399,0,0.006,0,0.139,0,0.006,0.848,41.32045
Yes,0,0,469,26.3,17.8,0.426,0.015,0.004,0.006,0.117,0.002,0.028,0.827,41.01609
Yes,0,0,174,13.5,12.8,0.563,0,0.011,0,0.27,0,0.023,0.695,40.96691
No,1,0,498,21.6,23,0.155,0.008,0.004,0.016,0.122,0,0.036,0.813,40.92479
Yes,0,0,491,37.4,13.1,0.593,0.01,0.008,0.031,0.621,0,0.024,0.305,40.89936
No,0,0,271,17,15.9,0.373,0.004,0.011,0.007,0.148,0,0.015,0.815,40.777
Yes,0,0,351,24.9,14,0.496,0.014,0,0.074,0.436,0.011,0.046,0.419,40.76964
No,0,0,276,20.9,13.2,0.46,0.011,0.007,0.022,0.283,0.004,0.043,0.63,40.69343
Yes,0,0,732,44.9,16.2,0.637,0.001,0.008,0.004,0.143,0.004,0.027,0.811,40.63786
Yes,0,0,146,9.5,15.2,0.651,0.007,0,0,0.178,0,0.041,0.774,40.35971
Yes,0,0,179,12.9,13.7,0.48,0,0,0.017,0.52,0,0,0.464,40.35043
No,0,0,536,27.8,19.2,0.425,0.116,0.007,0.015,0.254,0.006,0.09,0.513,40.30009
No,0,0,497,28.8,17.2,0.736,0.064,0.012,0.034,0.302,0.006,0.089,0.493,40.21182
No,0,0,538,28.5,18.8,0.387,0.011,0.002,0.006,0.162,0.004,0.048,0.768,40.18427
No,1,0,377,16.4,22.9,0.21,0.011,0.003,0.008,0.106,0,0.045,0.828,40.09043
No,0,0,552,28.5,19.3,0.368,0.009,0,0.005,0.194,0,0.036,0.755,39.75045
Yes,0,0,256,22.5,11.3,0.859,0.004,0,0.004,0.789,0,0.027,0.176,39.71555
Yes,0,0,354,26.4,13.3,0.328,0.028,0.003,0.09,0.297,0.003,0.031,0.548,39.60355
Yes,0,0,333,24.6,13.5,0.802,0.027,0.012,0.042,0.613,0,0.039,0.267,39.57127
No,0,0,203,13.1,15.4,0.626,0.01,0.005,0.02,0.31,0,0.054,0.601,39.49057
Yes,0,0,271,22.5,12,0.86,0.159,0.004,0.015,0.354,0,0.103,0.365,39.41927
Yes,0,0,224,17.3,12.9,0.804,0,0.009,0,0.616,0,0.054,0.321,39.41145
No,0,0,343,17.1,19.9,0.647,0.009,0.003,0.015,0.379,0,0.05,0.545,39.1
Yes,0,0,484,34.9,13.8,0.537,0.182,0.006,0.05,0.283,0,0.07,0.409,39.08755
Yes,0,0,285,19.5,14.6,0.561,0,0.007,0,0.347,0,0.035,0.611,39.07918
Yes,0,0,498,27.9,17.8,0.488,0.11,0.008,0.018,0.311,0.004,0.09,0.458,38.88318
No,1,0,404,19.2,20.9,0.104,0.005,0.007,0,0.059,0,0.027,0.901,38.86036
No,1,0,691,35,19.7,0.427,0.02,0.003,0.016,0.457,0.003,0.032,0.469,38.82279
Yes,0,0,241,20.4,11.7,0.51,0.004,0,0.017,0.178,0,0.029,0.772,38.77729
Yes,0,0,488,32.4,15,0.691,0.164,0.014,0.008,0.266,0.014,0.074,0.459,38.59436
No,0,0,424,23,18.4,0.422,0.009,0.005,0.014,0.182,0,0.019,0.771,38.47045
Yes,0,0,180,13.1,13.6,0.328,0,0,0.017,0.117,0,0.028,0.839,38.436
Yes,0,0,274,18.2,15,0.489,0,0.007,0,0.15,0,0.018,0.825,38.42464
Yes,0,0,314,22.1,14.1,0.764,0.003,0,0.003,0.567,0,0.01,0.417,38.381
Yes,0,0,531,33.6,15.7,0.687,0,0.013,0.004,0.418,0.002,0.024,0.539,38.12991
Yes,0,0,149,9.6,15.3,0.477,0,0.007,0,0.013,0,0.007,0.973,38.01636
No,0,0,428,25.6,16.6,0.453,0.143,0.005,0.026,0.276,0.002,0.089,0.46,38.00136
Yes,0,0,388,24.3,15.9,0.722,0.003,0.01,0.018,0.168,0.003,0.039,0.76,37.84055
No,0,0,220,17.7,12.3,0.595,0.014,0,0.009,0.268,0,0.032,0.677,37.82591
Yes,0,0,572,36.5,15.6,0.353,0.058,0.007,0.035,0.194,0.009,0.068,0.629,37.74564
Yes,0,0,380,20.8,18.2,0.695,0.021,0.008,0.037,0.355,0,0.037,0.542,37.48636
Yes,0,0,508,29.2,17.3,0.774,0.022,0.004,0.016,0.778,0,0.004,0.177,37.397
Yes,0,0,330,17.5,18.8,0.903,0,0.012,0,0.897,0,0.006,0.085,37.37927
Yes,0,0,508,34.1,14.8,0.549,0.01,0.01,0.008,0.37,0,0.022,0.581,37.34971
Yes,0,0,346,11.5,30,0.54,0.035,0.006,0.012,0.277,0,0.026,0.645,37.21443
No,0,0,561,33.3,16.8,0.378,0.143,0.004,0.032,0.248,0.002,0.075,0.497,37.00282
No,0,0,428,27,15.8,0.745,0.012,0.005,0.03,0.526,0,0.021,0.407,36.98191
No,0,0,415,26.2,15.8,0.716,0.01,0,0.01,0.561,0,0.007,0.412,36.907
Yes,0,0,363,20.7,17.5,0.84,0.008,0.011,0.028,0.738,0,0.025,0.19,36.80882
Yes,0,0,774,42.5,18.2,0.922,0.014,0.008,0.039,0.858,0,0.006,0.075,36.71155
Yes,0,0,306,21.1,14.5,0.784,0.049,0.013,0.003,0.448,0.003,0.072,0.412,36.50836
Yes,0,0,299,20.9,14.2,0.793,0.157,0.03,0.017,0.411,0,0.08,0.304,36.48845
No,0,0,603,31,19.4,0.66,0.013,0.008,0.003,0.713,0.002,0.015,0.245,36.45486
Yes,0,0,328,26,12.5,0.497,0.006,0.082,0.003,0.256,0,0.021,0.631,36.18009
Yes,0,0,303,20.8,14.5,0.838,0.076,0.01,0.003,0.746,0,0.013,0.152,36.17686
Yes,0,0,1017,60.4,16.8,0.815,0.008,0.005,0.011,0.691,0,0.01,0.275,35.92755
No,0,0,392,14.1,27.6,0.444,0.013,0.008,0.02,0.398,0.005,0.018,0.538,35.91079
Yes,0,0,323,17.8,18.1,0.718,0.022,0.022,0.019,0.396,0.019,0.022,0.502,35.8945
Yes,0,0,473,33.4,14.1,0.44,0.002,0.004,0.004,0.638,0,0.021,0.33,35.83282
No,0,0,334,20.9,15.9,0.509,0.003,0.003,0.006,0.593,0,0.009,0.386,35.823
Yes,0,0,112,7.7,14.4,0.616,0,0,0,0.232,0,0.036,0.732,35.72314
Yes,0,0,280,18.8,14.8,0.811,0.011,0.004,0,0.746,0.004,0.004,0.232,35.69093
Yes,0,0,526,35.4,14.8,0.656,0,0.004,0.023,0.329,0,0.008,0.637,35.64018
No,0,0,479,29.5,16.2,0.67,0.317,0.008,0.023,0.261,0.004,0.054,0.332,35.51718
Yes,0,0,382,24.4,15.6,0.584,0.003,0,0.003,0.377,0,0.013,0.605,35.11873
Yes,1,0,354,20.6,17.1,0.907,0.003,0,0,0.949,0,0.003,0.045,35.11429
Yes,0,0,761,51.9,14.6,0.623,0.31,0.007,0.049,0.34,0.004,0.057,0.234,35.08791
Yes,0,0,174,17.6,9.8,0.402,0.011,0.006,0,0.086,0,0.011,0.885,34.98855
Yes,0,0,347,25.3,13.6,0.562,0.052,0.017,0.003,0.285,0.009,0.121,0.513,34.904
No,0,0,376,21.9,17.1,0.697,0.04,0.011,0.072,0.574,0,0.024,0.279,34.73873
Yes,0,0,357,27.5,12.9,0.482,0.064,0.003,0.006,0.275,0.006,0.076,0.571,34.67318
Yes,0,0,519,39.6,13.1,0.491,0.006,0.004,0.004,0.62,0,0.021,0.345,34.304
Yes,0,0,432,21.7,19.8,0.583,0.007,0.007,0.049,0.674,0,0.016,0.248,34.26829
Yes,0,0,455,27.4,16.5,0.734,0.02,0.004,0,0.466,0,0.057,0.453,34.13909
Yes,0,0,732,42.3,17.2,0.667,0.005,0.003,0.008,0.694,0.001,0.008,0.28,34.13427
Yes,0,0,354,26,13.6,0.828,0.153,0.006,0.006,0.576,0,0.042,0.218,33.73709
Yes,0,0,204,14.3,14.2,0.451,0.01,0.005,0.005,0.088,0,0.02,0.873,33.71291
No,0,0,444,21.2,20.9,0.73,0.02,0.005,0,0.637,0,0.009,0.329,33.60779
No,0,0,378,17.1,21.9,0.595,0.029,0,0.013,0.283,0,0.034,0.64,33.12064
Yes,0,0,505,27.1,18.6,0.624,0.006,0.004,0.002,0.477,0,0.028,0.483,33.02909
No,0,0,2161,55.3,39,0.394,0.035,0.008,0.012,0.22,0.001,0.063,0.661,32.85636
No,0,0,507,28.5,17.7,0.604,0.043,0.002,0.014,0.306,0.004,0.071,0.56,32.78755
Yes,0,0,342,25.3,13.5,0.573,0,0.006,0.003,0.336,0,0.02,0.635,32.61891
Yes,1,0,1115,76.3,14.5,0.744,0.013,0.007,0.007,0.849,0.003,0.007,0.113,32.47864
No,0,0,418,21.5,19.4,0.507,0.014,0,0.031,0.328,0.002,0.031,0.593,32.44818
Yes,0,0,660,42.8,15.4,0.762,0.123,0.003,0.05,0.579,0.002,0.036,0.208,32.38009
Yes,0,0,297,24.6,12,0.643,0.003,0.003,0.003,0.468,0.003,0.034,0.485,32.36309
Yes,0,0,668,35.6,18.7,0.436,0.195,0.007,0.034,0.246,0.001,0.087,0.43,32.28373
Yes,0,0,398,26.9,14.7,0.854,0.138,0.013,0.003,0.563,0.003,0.045,0.236,32.01982
Yes,0,0,469,31.8,14.7,0.791,0.009,0.004,0,0.362,0,0.021,0.603,32.00418
Yes,0,0,698,40.5,17.2,0.766,0.019,0.009,0.039,0.725,0.001,0.029,0.179,31.95
Yes,0,0,389,23.6,16.4,0.481,0.021,0.003,0.023,0.267,0.003,0.036,0.648,31.86807
Yes,0,0,559,42.2,13.2,0.542,0,0.004,0.002,0.574,0,0.011,0.41,31.66445
No,0,0,418,25.3,16.5,0.648,0.012,0.01,0.057,0.462,0.007,0.029,0.423,31.55882
No,0,0,561,28,19.9,0.713,0.021,0.014,0.011,0.61,0.004,0.025,0.316,31.5485
No,0,0,618,30.1,20.5,0.568,0.018,0.011,0.028,0.416,0,0.05,0.477,31.47471
Yes,0,0,299,17.6,16.9,0.488,0.007,0,0.003,0.291,0,0.023,0.676,31.44491
Yes,0,0,580,35,16.5,0.862,0.291,0.003,0.05,0.379,0.003,0.064,0.209,31.30573
Yes,0,0,327,25.2,12.9,0.719,0.006,0.012,0.006,0.609,0,0,0.367,31.19643
Yes,0,0,378,28.7,13.1,0.767,0.021,0.008,0.003,0.577,0.003,0.029,0.36,31.10555
Yes,0,0,198,15,13.1,0.823,0.01,0.015,0.005,0.389,0,0.051,0.53,31.01964
Yes,0,0,553,32.6,16.9,0.814,0.013,0.014,0.076,0.653,0.004,0.029,0.212,30.99279
Yes,0,0,320,22,14.5,0.825,0.003,0.003,0,0.691,0,0.022,0.281,30.84091
Yes,0,0,498,34.6,14.3,0.811,0.114,0.01,0.02,0.337,0,0.116,0.402,30.74573
Yes,0,0,574,32.7,17.5,0.794,0.214,0.01,0.068,0.477,0,0.03,0.2,30.14264
Yes,0,0,600,35.2,17,0.84,0.162,0.012,0.042,0.533,0.008,0.052,0.192,30.057
Yes,0,0,461,26.9,17.1,0.798,0.022,0.011,0.015,0.764,0.004,0.004,0.18,29.96191
Yes,0,0,117,10,11.7,0.547,0.009,0.009,0,0.248,0,0,0.735,29.83433
Yes,0,0,107,9.3,11.4,0.869,0.019,0,0,0.86,0,0,0.121,29.81267
Yes,0,0,286,16.6,17.1,0.594,0,0.003,0,0.766,0,0.007,0.224,29.75582
Yes,1,0,295,17.1,17.2,0.644,0.22,0.007,0.003,0.397,0.007,0.081,0.285,29.73129
No,0,0,356,18,19.7,0.413,0.008,0.008,0.02,0.197,0.003,0.056,0.708,29.52473
No,1,0,527,41.3,12.7,0.609,0.142,0.002,0.013,0.548,0,0.032,0.262,29.4345
Yes,0,0,396,19,20.8,0.568,0.018,0.003,0.043,0.414,0,0.035,0.487,29.43421
Yes,0,0,431,28.2,15.2,0.807,0.072,0.021,0.009,0.355,0.002,0.079,0.462,29.13118
No,0,0,265,16,16.5,0.577,0.068,0.004,0.011,0.181,0,0.125,0.611,29.10964
No,0,0,643,32,20,0.423,0.1,0.003,0.022,0.281,0.02,0.093,0.481,29.10273
Yes,0,0,414,24.2,17,0.645,0.007,0.012,0,0.498,0,0.022,0.461,28.72229
No,0,0,284,17.3,16.3,0.651,0.039,0.007,0.028,0.257,0.025,0.046,0.599,28.68164
No,0,0,366,23.2,15.7,0.566,0.03,0.008,0.014,0.273,0.008,0.093,0.574,28.61527
Yes,0,0,523,29,18,0.751,0.011,0.013,0.008,0.738,0.004,0.006,0.22,28.14845
No,1,0,374,20.6,18.1,0.008,0.005,0,0.008,0.12,0,0.08,0.786,27.9775
Yes,0,0,497,26,19,0.887,0.125,0.012,0.004,0.765,0.01,0.02,0.064,27.95309
Yes,0,0,857,45.8,18.6,0.819,0.015,0.002,0.008,0.854,0,0.015,0.105,27.93686
Yes,0,0,437,29.9,14.5,0.817,0.014,0.002,0.005,0.904,0,0.007,0.069,27.49364
Yes,0,0,430,26.5,16.2,0.709,0,0.005,0,0.509,0,0.023,0.463,27.43727
Yes,0,0,484,27.2,17.7,0.746,0.236,0.008,0.019,0.349,0,0.056,0.333,27.41514
Yes,0,0,534,32,16.6,0.496,0.002,0,0.002,0.479,0,0.009,0.507,27.26118
Yes,0,0,180,15.5,11.6,0.561,0,0,0,0.717,0,0.022,0.261,27.16536
Yes,0,0,349,26,13.4,0.808,0.04,0,0.023,0.464,0.011,0.063,0.398,27.10355
No,1,0,173,16.4,10.5,0.694,0.069,0,0.006,0.202,0,0.052,0.671,27.01955
Yes,0,0,157,13.1,11.9,0.554,0.013,0,0,0.051,0,0,0.936,26.739
No,0,0,700,33.4,20.9,0.459,0.259,0.006,0.076,0.366,0,0.054,0.24,26.69373
No,0,0,578,35.7,16.1,0.554,0.116,0.009,0.017,0.275,0.005,0.1,0.478,26.66455
Yes,0,0,441,23.2,18.9,0.884,0,0.005,0.002,0.959,0,0.009,0.025,26.50421
No,0,0,434,22.4,19.3,0.475,0.023,0.005,0.028,0.336,0.002,0.016,0.59,26.50373
Yes,0,0,602,43.3,13.8,0.827,0.028,0.015,0.023,0.49,0.008,0.032,0.404,26.14914
No,0,0,494,28.4,17.3,0.506,0.016,0.004,0.012,0.472,0,0.022,0.474,26.13964
Yes,0,0,487,31.1,15.6,0.832,0.018,0.004,0.025,0.731,0,0.025,0.197,26.11293
Yes,1,0,473,30.4,15.5,0.882,0.017,0.008,0,0.915,0.004,0,0.055,26.1015
Yes,0,0,334,14,23.8,0.308,0,0.012,0,0.09,0.003,0.012,0.883,25.57936
Yes,0,0,537,36.7,14.6,0.927,0.093,0.002,0.052,0.551,0.002,0.039,0.261,25.53255
Yes,0,0,387,39.5,9.7,0.806,0.021,0.008,0.021,0.605,0,0.023,0.323,25.31027
Yes,0,0,265,18.5,14.2,0.785,0.011,0.015,0.015,0.419,0,0.023,0.517,25.28782
Yes,0,0,721,36.8,19.5,0.788,0.298,0.01,0.032,0.513,0.015,0.051,0.08,25.14155
Yes,0,0,552,39,14.1,0.46,0.018,0.009,0.024,0.476,0.002,0.011,0.46,25.12157
Yes,0,0,335,24.6,13.5,0.773,0.224,0.009,0.024,0.4,0.012,0.048,0.284,25.10845
No,0,0,744,42.8,17.3,0.647,0.003,0.004,0.008,0.61,0,0.009,0.366,24.98507
Yes,0,0,300,23.1,12.9,0.643,0.02,0,0.007,0.66,0,0.02,0.293,24.91945
No,0,0,340,20.5,16.5,0.721,0.024,0,0,0.697,0,0.006,0.274,24.88036
No,0,0,446,24.7,18,0.758,0.007,0.007,0.013,0.608,0.004,0.02,0.341,24.80473
No,1,0,506,19.8,25.4,0.294,0.018,0.008,0.012,0.045,0,0.032,0.885,24.80086
Yes,0,0,284,21.1,13.4,0.796,0.004,0.021,0.014,0.602,0,0.039,0.32,24.76093
Yes,0,0,318,19.7,16.1,0.931,0.44,0.009,0.009,0.406,0.003,0.047,0.085,24.69971
Yes,0,0,125,8.7,14.2,0.328,0,0,0.008,0.144,0,0.024,0.824,24.6498
Yes,0,1,514,29,17.6,0.691,0.018,0.01,0.025,0.743,0,0.021,0.183,24.605
Yes,0,0,305,23.6,12.8,0.695,0.02,0,0.01,0.361,0.013,0.016,0.58,24.434
Yes,0,0,606,33.4,18.1,0.728,0,0.005,0,0.734,0,0.005,0.256,24.37473
Yes,0,0,617,35,17.6,0.853,0.326,0.003,0.036,0.488,0.006,0.055,0.086,24.35691
No,0,0,669,32.5,20.5,0.617,0.007,0.001,0.007,0.517,0.001,0.027,0.438,24.31618
Yes,0,0,425,28,15.1,0.981,0.355,0.009,0.002,0.565,0,0.033,0.035,24.256
Yes,0,0,342,21.5,15.9,0.766,0.018,0.015,0.053,0.643,0.006,0.012,0.254,24.23355
Yes,0,0,261,17.9,14.5,0.632,0.011,0,0.011,0.123,0.008,0.023,0.824,24.19591
Yes,0,0,409,24.1,16.9,0.753,0.007,0.005,0.012,0.362,0,0.029,0.584,23.89627
Yes,0,0,843,58.8,14.3,0.642,0.318,0.005,0.066,0.306,0.007,0.075,0.223,23.78873
Yes,0,0,238,18.7,12.7,0.916,0.13,0.008,0,0.403,0.004,0.084,0.37,23.643
Yes,0,0,382,25,15.2,0.563,0.01,0,0,0.662,0,0.018,0.309,23.02118
Yes,0,0,491,32.2,15.2,0.839,0.012,0.002,0.002,0.859,0,0.002,0.122,22.85927
No,0,0,548,34.1,16,0.443,0.013,0.004,0.015,0.29,0.004,0.029,0.646,22.58314
No,0,0,406,23.1,17.5,0.581,0.128,0.01,0.022,0.441,0,0.076,0.323,22.52091
Yes,0,0,348,22.3,15.5,0.922,0.009,0.006,0.049,0.83,0,0.014,0.092,22.502
No,0,0,440,26.5,16.5,0.95,0.007,0.005,0.009,0.716,0,0.016,0.248,22.49236
Yes,0,0,93,10.7,8.6,0.505,0.011,0,0,0.118,0,0.011,0.86,22.4405
Yes,0,0,104,10.6,9.7,0.423,0.01,0,0,0.115,0,0.029,0.846,22.40925
Yes,0,0,406,27.4,14.8,0.897,0.101,0.01,0.007,0.532,0,0.076,0.273,22.36845
Yes,0,0,659,36.2,18.1,0.88,0.009,0.005,0.03,0.839,0,0.011,0.106,22.33
Yes,0,0,488,30,16.2,0.951,0.016,0.006,0,0.922,0,0.002,0.053,22.15255
Yes,0,0,391,28.8,13.5,0.749,0.003,0.003,0.008,0.757,0,0.005,0.225,22.149
Yes,0,0,450,29.6,15.1,0.6,0.018,0.007,0.02,0.418,0,0.033,0.504,22.03773
Yes,0,1,284,18,15.7,0.687,0.014,0.007,0.011,0.725,0,0.025,0.218,21.9185
Yes,0,0,584,31.3,18.6,0.622,0.005,0.007,0.003,0.64,0,0.019,0.325,21.85693
Yes,0,0,318,16.5,19.2,0.843,0.277,0.013,0.022,0.588,0.006,0.044,0.05,21.73245
No,0,0,337,20,16.8,0.484,0.312,0.003,0.03,0.228,0,0.053,0.374,21.65418
No,1,0,790,44.1,17.9,0.6,0.301,0.01,0.029,0.449,0.001,0.01,0.199,21.56186
Yes,0,0,121,7.5,16.1,0.446,0.008,0,0,0.05,0,0.041,0.901,21.39382
Yes,0,0,218,13.8,15.7,0.752,0,0,0.023,0.413,0,0.009,0.555,21.35393
No,0,0,570,29.1,19.5,0.607,0.177,0.004,0.049,0.447,0.007,0.074,0.242,21.25973
No,1,0,2672,71.2,37.5,0.167,0.044,0.015,0.013,0.26,0.003,0,0.665,21.11264
Yes,0,0,377,25.6,14.6,0.899,0.729,0.008,0.003,0.18,0.003,0.034,0.042,21.08309
Yes,0,0,355,20,17.7,0.851,0.524,0.003,0.003,0.349,0.006,0.031,0.085,20.96782
Yes,0,0,506,26.1,19.3,0.877,0.028,0.006,0,0.808,0.006,0.02,0.132,20.91843
No,0,0,396,23.7,16.6,0.659,0.045,0.008,0.025,0.434,0.003,0.015,0.47,20.84818
No,0,0,423,1.7,241.7,0.189,0,0.005,0.002,0.045,0,0.026,0.922,20.80093
Yes,0,0,447,21.6,20.6,0.548,0.007,0.018,0.007,0.26,0.002,0.045,0.662,20.78545
Yes,0,0,388,23,16.8,0.691,0.003,0.013,0.005,0.729,0,0.018,0.232,20.58491
Yes,1,0,693,42.8,16.1,0.895,0.091,0.004,0.01,0.668,0.007,0.035,0.185,20.54209
Yes,0,0,316,22.9,13.7,0.791,0.016,0.022,0,0.886,0,0.009,0.066,20.38491
Yes,0,0,549,33.5,16.3,0.931,0.009,0.009,0.011,0.934,0,0.005,0.031,20.30427
No,0,0,435,23,18.9,0.628,0.011,0.011,0.044,0.437,0,0.016,0.48,20.13382
Yes,0,0,628,38.2,16.4,0.904,0.137,0,0.025,0.745,0.01,0.022,0.061,19.98555
No,0,0,492,22.1,22.2,0.683,0.171,0.014,0.022,0.508,0.008,0.049,0.228,19.38027
No,0,0,364,22.8,15.9,0.651,0.06,0.011,0.016,0.316,0.003,0.093,0.5,19.17955
Yes,0,1,829,56.3,14.7,0.935,0.144,0.001,0.004,0.818,0.001,0.021,0.012,19.12186
Yes,0,0,292,18.1,16.1,0.562,0,0.017,0,0.284,0,0.024,0.675,18.91045
Yes,0,0,496,29.9,16.5,0.798,0,0.002,0.002,0.367,0,0.03,0.599,18.809
Yes,0,0,323,22.8,14.1,0.885,0.009,0.006,0,0.901,0,0.003,0.08,18.69891
Yes,0,0,393,22.7,17.2,0.819,0.023,0.008,0.005,0.779,0,0.008,0.178,18.52336
Yes,0,0,311,26.7,11.6,0.781,0.006,0.026,0.006,0.788,0,0.006,0.167,18.23618
Yes,0,0,355,24.2,14.6,0.882,0.194,0.006,0.006,0.414,0,0.073,0.307,18.21527
Yes,0,0,373,24.3,15.3,0.936,0.003,0.005,0.059,0.799,0,0.011,0.123,18.06727
Yes,0,0,547,35.6,15.3,0.828,0.002,0.011,0.002,0.397,0.002,0.035,0.552,17.90809
Yes,0,0,460,27,17,0.948,0.035,0.024,0.1,0.8,0.002,0.009,0.03,17.77791
Yes,1,0,1053,51.9,20.2,0.63,0.006,0.009,0.036,0.701,0,0.006,0.243,17.75573
Yes,0,0,284,17,16.6,0.739,0.021,0.039,0.046,0.243,0,0.046,0.606,17.64393
Yes,0,0,369,28,13.1,0.873,0.008,0.003,0,0.829,0,0.011,0.149,17.52882
No,1,0,1088,70.7,15.3,0.574,0.178,0,0.046,0.526,0.002,0.07,0.178,17.47186
No,0,0,440,26.5,16.5,0.766,0.014,0.005,0.014,0.657,0,0.02,0.291,17.44209
Yes,1,0,472,27.6,17,0.727,0.333,0,0.061,0.426,0.002,0.061,0.117,17.409
Yes,0,0,402,23.7,16.9,0.657,0.002,0.308,0.002,0.204,0.002,0.025,0.455,17.32655
Yes,0,0,170,12.8,13.1,0.818,0,0,0,0.576,0,0,0.424,17.30964
No,0,0,570,30.2,18.8,0.709,0.146,0.011,0.028,0.604,0.002,0.058,0.153,17.25086
No,0,0,462,24.1,19.1,0.827,0.032,0,0.067,0.656,0.002,0.006,0.236,16.70236
Yes,0,0,584,33.9,17.2,0.928,0.038,0.01,0.021,0.743,0.003,0.026,0.159,16.69482
Yes,0,0,347,22.8,15.2,0.841,0.049,0.009,0.009,0.297,0,0.072,0.565,16.61273
Yes,0,0,412,29,14.2,0.74,0.024,0.007,0.068,0.449,0.005,0.027,0.42,16.42957
Yes,0,0,410,22.6,18.1,0.849,0.041,0.01,0.015,0.583,0.002,0.007,0.341,16.359
Yes,0,0,353,18.6,18.8,0.771,0.011,0.02,0.011,0.575,0,0.028,0.354,16.31543
Yes,0,0,440,31.3,14,0.934,0.045,0.023,0.014,0.639,0.016,0.016,0.248,16.31414
Yes,0,0,504,35,14.3,0.873,0.018,0.006,0.002,0.817,0,0.016,0.141,16.12536
Yes,0,0,406,28.5,14.2,0.7,0.012,0.005,0.027,0.401,0,0.049,0.505,16.00964
Yes,0,0,396,28.5,13.8,0.821,0.111,0.005,0.03,0.619,0.003,0.051,0.182,15.90009
Yes,0,0,466,30.4,15.3,0.642,0.006,0.004,0.017,0.348,0.002,0.015,0.607,15.899
Yes,0,0,500,28.5,17.5,0.666,0.004,0.002,0.002,0.688,0,0.018,0.286,15.84407
Yes,0,0,479,29.8,16,0.898,0.025,0,0,0.81,0.004,0.006,0.154,15.66345
Yes,0,0,288,18.3,15.6,0.563,0.01,0.017,0,0.344,0,0.045,0.583,15.63518
Yes,0,0,493,29.5,16.7,0.726,0.049,0.002,0.004,0.375,0.002,0.065,0.503,15.62536
Yes,0,0,285,19.3,14.7,0.737,0,0,0.004,0.509,0,0.025,0.463,15.521
Yes,0,0,359,28.6,12.5,0.822,0.008,0.008,0.003,0.638,0,0.019,0.323,15.40464
Yes,0,0,395,28,14,0.911,0.005,0,0.005,0.947,0,0,0.043,15.37045
Yes,0,0,350,19.1,18.2,0.829,0.134,0.009,0.034,0.691,0.011,0.046,0.074,15.27491
No,0,0,384,21.4,17.8,0.695,0.276,0.005,0.016,0.367,0.003,0.078,0.255,15.17636
No,0,0,182,7.6,23.8,0.181,0.005,0.011,0.005,0.088,0,0.038,0.852,15.061
Yes,0,0,607,33.5,18.1,0.947,0.005,0.003,0.023,0.929,0.002,0.003,0.035,14.994
Yes,0,0,311,20.5,15.1,0.81,0.01,0.003,0.006,0.656,0,0.019,0.305,14.98027
Yes,0,0,311,25.1,12.3,0.826,0.019,0.042,0.006,0.659,0,0,0.273,14.89693
Yes,0,0,722,44,16.4,0.921,0.035,0.004,0,0.888,0,0.01,0.064,14.79993
Yes,0,0,349,29,12,0.648,0.02,0.006,0.026,0.668,0,0.029,0.252,14.77873
Yes,0,0,916,50.2,18.2,0.735,0.362,0.012,0.057,0.441,0.002,0.044,0.082,14.75057
Yes,0,0,885,54.2,16.3,0.659,0.279,0.009,0.058,0.32,0.003,0.066,0.266,14.73491
Yes,0,0,676,39.7,17,0.966,0.018,0.006,0.004,0.928,0.001,0.003,0.04,14.53673
Yes,0,0,540,35,15.4,0.926,0.178,0.002,0.002,0.726,0,0.03,0.063,14.44991
Yes,0,1,425,21.5,19.7,0.739,0.021,0.012,0.012,0.595,0.005,0.014,0.341,14.34264
Yes,0,0,646,40,16.1,0.988,0.019,0.005,0.019,0.941,0,0.005,0.012,14.07336
Yes,0,0,617,36.5,16.9,0.948,0.024,0.003,0.042,0.89,0.002,0.005,0.034,13.92618
No,0,0,502,23.9,20.9,0.715,0.221,0.006,0.028,0.442,0.006,0.054,0.243,13.84255
Yes,0,1,484,26.8,18,0.771,0.017,0.01,0.023,0.682,0.002,0.041,0.225,13.83664
Yes,0,0,435,24.5,17.7,0.929,0.055,0.007,0.08,0.807,0,0,0.051,13.78673
Yes,0,0,535,29,18.4,0.821,0.168,0.011,0.032,0.654,0.015,0.041,0.079,13.73118
Yes,1,0,394,36.3,10.8,0.784,0.183,0.003,0.003,0.454,0,0.066,0.292,13.64671
Yes,0,0,577,34.5,16.7,0.951,0.22,0.002,0.007,0.697,0.003,0.029,0.042,13.34109
Yes,0,0,360,21.5,16.7,0.875,0.003,0.008,0.031,0.817,0,0.022,0.119,13.252
Yes,0,0,587,34.2,17.1,0.825,0.029,0.007,0,0.814,0.002,0.007,0.141,13.14655
Yes,0,0,731,37.8,19.3,0.789,0.241,0.008,0.029,0.527,0.007,0.066,0.123,13.00173
Yes,0,0,338,20.6,16.4,0.837,0.074,0.003,0.003,0.479,0.003,0.08,0.358,12.99964
Yes,0,0,579,35,16.5,0.948,0.014,0.009,0.014,0.91,0,0,0.054,12.99945
Yes,0,0,448,25.4,17.6,0.81,0.033,0.027,0.022,0.536,0.002,0.02,0.359,12.94427
Yes,0,0,440,24,18.3,0.789,0.009,0.005,0.007,0.648,0.002,0.009,0.32,12.80543
Yes,0,0,399,23.5,16.9,0.667,0,0.241,0,0.213,0.003,0.033,0.511,12.71882
Yes,0,0,623,36.6,16.9,0.979,0.058,0.002,0.096,0.701,0.003,0.011,0.128,12.66655
Yes,0,0,287,21.2,13.5,0.889,0.007,0.01,0,0.92,0,0.003,0.059,12.54655
Yes,0,0,232,18.5,12.4,0.677,0.034,0.022,0,0.267,0,0.03,0.647,12.47086
Yes,0,0,390,24.4,15.9,0.79,0.038,0.01,0.003,0.728,0.003,0.013,0.205,12.2595
Yes,0,0,505,32.9,15.3,0.919,0.008,0.002,0.004,0.879,0.006,0.01,0.091,12.23636
Yes,0,0,642,47.2,13.6,0.779,0.198,0.014,0.037,0.511,0.006,0.042,0.192,12.15327
Yes,0,0,291,17.6,16.4,0.935,0.014,0,0.014,0.814,0.014,0.014,0.131,12.06873
Yes,0,0,659,36.2,18.1,0.829,0.232,0.006,0.011,0.621,0.006,0.047,0.077,12.00655
Yes,0,0,666,38.2,17.4,0.952,0.096,0.003,0.024,0.857,0.002,0.009,0.009,11.94279
Yes,0,0,448,28.9,15.4,0.942,0.033,0.02,0,0.788,0.002,0.009,0.147,11.89986
No,0,0,1132,62.1,18.2,0.455,0.072,0.008,0.02,0.441,0.005,0.067,0.386,11.89771
Yes,0,0,759,45.1,16.7,0.897,0.153,0.004,0.03,0.702,0.009,0.025,0.076,11.86218
Yes,0,0,532,30,17.7,0.949,0.194,0.008,0.009,0.739,0,0.021,0.03,11.81555
Yes,0,0,539,35.6,15.1,0.837,0.028,0.002,0.007,0.833,0,0.007,0.122,11.70882
Yes,0,0,461,27.9,16.4,0.768,0.013,0.004,0,0.863,0,0.009,0.111,11.55745
Yes,0,0,354,27.5,12.8,0.497,0,0.181,0,0.41,0,0.056,0.353,11.39527
No,1,0,482,23.5,20.4,0.55,0.266,0.008,0.017,0.376,0.002,0.05,0.282,11.34793
Yes,0,0,650,37.3,17.3,0.966,0.045,0.003,0.014,0.835,0,0.006,0.097,11.32427
Yes,0,0,393,25,15.7,0.926,0.074,0.025,0.008,0.809,0,0.015,0.069,11.311
Yes,0,0,939,53.2,17.6,0.835,0.029,0.007,0.032,0.778,0,0.027,0.127,11.256
Yes,0,0,464,31.7,14.6,0.709,0.019,0.026,0.004,0.711,0.002,0.009,0.228,10.86027
Yes,0,0,354,19.4,18.1,0.847,0.031,0.008,0.051,0.667,0,0.028,0.215,10.75545
Yes,0,0,576,27.6,20.8,0.847,0.076,0.016,0.017,0.79,0,0.024,0.076,10.67064
Yes,0,0,546,32,17,0.921,0.002,0.007,0.024,0.899,0,0.009,0.059,10.59764
Yes,0,0,377,22.5,16.7,0.942,0.252,0.011,0.029,0.645,0.005,0.008,0.05,10.49127
Yes,0,0,387,27.5,14,0.811,0.003,0.026,0.005,0.78,0,0.01,0.176,10.48509
Yes,0,0,453,26.1,17.3,0.832,0.307,0.004,0.013,0.565,0,0.046,0.064,10.44545
No,0,0,537,25.3,21.1,0.659,0.272,0.017,0.034,0.408,0.007,0.073,0.19,10.42345
Yes,0,1,471,24.5,19.2,0.8,0.019,0.011,0.006,0.824,0,0.015,0.125,10.34893
Yes,0,0,392,27.8,14,0.862,0.003,0.003,0,0.875,0.003,0.003,0.115,10.30273
Yes,0,0,463,28,16.5,0.827,0.022,0.006,0.082,0.629,0,0.039,0.222,10.15336
Yes,0,0,532,30,17.7,0.895,0.024,0.013,0.011,0.78,0,0.023,0.148,9.97243
Yes,0,0,500,34.8,14.3,0.96,0.022,0.004,0.008,0.868,0,0.006,0.092,9.817
No,0,0,303,19.8,15.2,0.799,0.017,0.01,0.089,0.644,0,0.036,0.205,9.79791
Yes,0,1,520,32.2,16.1,0.79,0.006,0,0.029,0.738,0.002,0.015,0.21,9.70164
Yes,0,0,456,27,16.8,0.923,0.033,0.004,0.007,0.84,0,0.013,0.103,9.586
Yes,0,0,538,35.3,15.2,0.853,0.009,0.019,0.006,0.775,0,0.022,0.169,9.48414
Yes,0,0,501,31.7,15.7,0.866,0.024,0.01,0,0.792,0,0.012,0.162,9.45127
Yes,0,0,565,31.2,18,0.839,0.097,0.007,0.064,0.756,0.007,0.027,0.042,9.359
Yes,0,0,287,17,16.8,0.78,0.233,0.007,0,0.463,0,0.07,0.226,9.34382
Yes,0,0,686,35.5,19.3,0.929,0.171,0.001,0.004,0.77,0.017,0.016,0.02,9.34355
Yes,0,0,480,32.6,14.7,0.867,0.096,0.01,0.015,0.596,0,0.058,0.225,9.28509
Yes,0,0,521,29.7,17.5,0.881,0.132,0.002,0.094,0.645,0.012,0.027,0.088,9.11527
Yes,0,0,388,21.9,17.7,0.928,0,0.005,0.005,0.923,0,0.008,0.059,9.07909
No,0,0,516,25.7,20,0.638,0.252,0.002,0.025,0.411,0.004,0.081,0.225,8.70682
Yes,0,0,613,36.1,16.9,0.915,0.008,0.005,0.011,0.928,0,0,0.047,8.66591
Yes,0,0,282,20.5,13.7,0.972,0.011,0.004,0,0.954,0,0,0.032,8.531
Yes,0,0,335,20,16.7,0.946,0.215,0.018,0.009,0.651,0,0.012,0.096,8.50555
Yes,0,0,478,26.5,18,0.935,0.031,0.013,0.002,0.902,0.002,0.006,0.044,8.49464
Yes,0,0,536,27.4,19.4,0.851,0.183,0.009,0.063,0.612,0.019,0.026,0.088,8.41791
Yes,0,0,431,23.5,18.3,0.951,0.023,0.005,0.002,0.919,0,0.026,0.026,8.41518
Yes,0,0,519,38,13.6,0.95,0.118,0.031,0,0.802,0,0.017,0.033,8.16164
Yes,0,0,392,25.4,15.3,0.811,0,0.003,0,0.839,0.003,0.013,0.143,8.08955
Yes,0,0,199,15.5,12.8,0.935,0.442,0.015,0.01,0.508,0,0.005,0.02,7.97164
Yes,0,0,393,23,17,0.802,0.028,0.01,0.051,0.672,0.005,0.015,0.219,7.87
Yes,0,0,178,16,11.1,0.708,0.017,0.006,0.006,0.478,0,0.039,0.455,7.8565
Yes,0,0,319,19.5,16.3,0.875,0.009,0,0,0.931,0,0,0.06,7.76936
Yes,0,0,754,38,19.8,0.874,0.101,0.005,0.179,0.659,0.001,0.019,0.036,7.48645
Yes,0,0,469,26.8,17.4,0.819,0.015,0.006,0.034,0.682,0,0.038,0.224,7.48145
Yes,0,0,415,24.8,16.6,0.863,0.019,0.01,0,0.778,0,0.017,0.176,7.41457
Yes,0,0,1054,67,15.7,0.961,0.287,0.002,0.277,0.322,0.01,0.023,0.079,7.3765
Yes,1,0,501,35.3,14.1,0.95,0.054,0.004,0,0.936,0,0.002,0.004,7.34271
Yes,0,0,449,27.8,16.1,0.971,0.018,0.004,0.027,0.889,0,0.011,0.051,7.34209
Yes,0,0,403,24.4,16.5,0.834,0.02,0.005,0.117,0.702,0,0.007,0.149,7.12582
Yes,0,0,435,28.2,15.3,0.956,0.122,0.014,0.002,0.8,0,0.021,0.041,7.08964
Yes,0,0,130,8.3,15.5,0.5,0,0.008,0,0.238,0,0,0.754,7.069
Yes,0,0,577,39,14.7,0.816,0.031,0,0.002,0.832,0.002,0.014,0.12,6.92127
Yes,0,1,415,26,15.9,0.829,0.005,0.005,0.005,0.827,0,0.014,0.145,6.84986
Yes,0,0,600,33,18.1,0.845,0.018,0.005,0.008,0.873,0,0.008,0.087,6.797
Yes,0,0,528,31,17,0.983,0.078,0.017,0.006,0.818,0,0.027,0.055,6.77991
Yes,0,0,321,20.9,15.3,0.776,0,0.009,0,0.688,0,0.019,0.283,6.77471
Yes,0,0,239,20.5,11.6,0.9,0.402,0.008,0,0.49,0.004,0.017,0.079,6.73273
Yes,0,0,281,23.5,11.9,0.972,0.327,0.007,0.1,0.502,0.004,0.028,0.032,6.71182
Yes,0,0,578,33.2,17.4,0.901,0.093,0.009,0.017,0.76,0.002,0.024,0.095,6.69527
Yes,0,0,443,26.5,16.7,0.919,0.054,0.018,0.005,0.781,0,0.025,0.117,6.43282
Yes,0,0,528,29.3,18,0.903,0.008,0.002,0.006,0.83,0,0.006,0.15,6.19609
Yes,0,0,699,42.5,16.4,0.863,0.021,0.009,0.001,0.811,0,0.003,0.155,6.17891
Yes,0,0,618,33.7,18.3,0.796,0.227,0.006,0.024,0.574,0.003,0.065,0.1,6.16045
Yes,0,0,329,19.1,17.2,0.833,0.021,0.009,0.027,0.562,0,0.04,0.34,6.03518
Yes,0,0,298,17.2,17.2,0.832,0.017,0.003,0.034,0.728,0,0.027,0.191,5.99436
Yes,0,0,499,30.7,16.2,0.96,0.018,0.01,0.006,0.906,0,0.012,0.048,5.98055
Yes,1,0,588,36.5,16,0.959,0.206,0.009,0,0.759,0,0.012,0.015,5.52493
Yes,0,0,275,16.8,16.3,0.825,0.007,0.022,0.004,0.505,0,0.007,0.455,5.37314
Yes,1,0,244,16.4,14.8,0.877,0.086,0,0.008,0.684,0,0.016,0.205,5.06236
Yes,0,0,603,35,17.2,0.987,0.025,0.003,0.041,0.905,0.002,0.007,0.017,4.92345
Yes,0,0,581,32.5,17.8,0.943,0,0.003,0.003,0.867,0,0,0.126,4.785
Yes,0,0,452,32.7,13.7,0.909,0.038,0.007,0,0.796,0,0.015,0.144,4.61943
Yes,0,0,637,40.5,15.7,0.956,0.217,0.002,0,0.754,0,0.014,0.014,4.55127
Yes,0,0,583,34.5,16.8,0.974,0.039,0.003,0,0.923,0,0,0.034,4.33755
Yes,0,0,294,21.1,13.9,0.803,0,0.435,0,0.228,0,0.034,0.303,4.157
Yes,0,0,474,28.7,16.4,0.842,0.133,0.006,0.154,0.654,0.002,0.019,0.032,3.89621
Yes,0,0,400,26,15.3,0.983,0.083,0,0.013,0.875,0,0.005,0.025,3.81273
Yes,0,0,485,34.5,14,0.93,0.124,0.019,0.019,0.771,0.012,0.014,0.041,3.75927
Yes,0,0,561,26.7,20.9,0.888,0.15,0.018,0.005,0.704,0.005,0.041,0.077,3.63373
Yes,0,0,500,37.7,13.2,0.978,0.016,0.004,0.034,0.92,0,0.006,0.02,3.516
Yes,0,0,490,26.1,18.7,0.902,0.108,0.016,0.008,0.814,0.004,0.027,0.022,3.10818
Yes,1,0,558,35.9,15.5,0.95,0.235,0.004,0.014,0.683,0.002,0.018,0.045,2.52864
Yes,0,0,568,28.3,20,0.813,0.169,0.025,0.018,0.68,0,0.028,0.081,2.3226
